bill_id,bill_label,budget,program,agency,division,status,last_event_date,last_event_action,link,row
,Enhancement,FY27 Enhancement,General Government,Office of the Governor,Office of Species Conservation,INTRODUCED,03/12,JFAC Budget Setting,https://legislature.idaho.gov/sessioninfo/rs/,2
,Enhancement,FY27 Enhancement,General Government,Office of the Governor,Office of Energy & Mineral Resources,INTRODUCED,03/12,JFAC Budget Hearing,https://legislature.idaho.gov/sessioninfo/rs/,3
,Enhancement,FY27 Enhancement,General Government,Office of the Governor,Comm. on Aging,INTRODUCED,03/12,JFAC Budget Setting,https://legislature.idaho.gov/sessioninfo/rs/,4
,Enhancement,FY27 Enhancement,Health & Human Services,Dept. of Health & Welfare,Div. of Welfare,INTRODUCED,03/12,JFAC Budget Setting,https://legislature.idaho.gov/sessioninfo/rs/,5
,Enhancement,FY27 Enhancement,Health & Human Services,Dept. of Health & Welfare,Mental Health Services,INTRODUCED,03/12,JFAC Budget Setting,https://legislature.idaho.gov/sessioninfo/rs/,6
,Enhancement,FY27 Enhancement,Health & Human Services,Dept. of Health & Welfare,Indirect Support Services,INTRODUCED,03/12,JFAC Budget Setting,https://legislature.idaho.gov/sessioninfo/rs/,7
,Enhancement,FY27 Enhancement,Health & Human Services,Dept. of Health & Welfare,Independent Councils,INTRODUCED,03/12,JFAC Budget Setting,https://legislature.idaho.gov/sessioninfo/rs/,8
S1361,Senate Bill 1361,FY27 Maintenance,Public Safety,,,PASSED,04/09,LAW+,https://legislature.idaho.gov/sessioninfo/2026/legislation/S1361/,9
S1361,Senate Bill 1361,FY27 Maintenance,Public Safety,Dept. of Correction,Community Corrections,PASSED,04/09,LAW+,https://legislature.idaho.gov/sessioninfo/2026/legislation/S1361/,10
S1361,Senate Bill 1361,FY27 Maintenance,Public Safety,Dept. of Correction,Community-Based SUDS Treatment,PASSED,04/09,LAW+,https://legislature.idaho.gov/sessioninfo/2026/legislation/S1361/,11
S1361,Senate Bill 1361,FY27 Maintenance,Public Safety,Dept. of Correction,County & Out-of-State Placement,PASSED,04/09,LAW+,https://legislature.idaho.gov/sessioninfo/2026/legislation/S1361/,12
S1361,Senate Bill 1361,FY27 Maintenance,Public Safety,Dept. of Correction,Management Services,PASSED,04/09,LAW+,https://legislature.idaho.gov/sessioninfo/2026/legislation/S1361/,13
S1361,Senate Bill 1361,FY27 Maintenance,Public Safety,Dept. of Correction,Medical Services,PASSED,04/09,LAW+,https://legislature.idaho.gov/sessioninfo/2026/legislation/S1361/,14
S1361,Senate Bill 1361,FY27 Maintenance,Public Safety,Dept. of Correction,State Prisons,PASSED,04/09,LAW+,https://legislature.idaho.gov/sessioninfo/2026/legislation/S1361/,15
S1361,Senate Bill 1361,FY27 Maintenance,Public Safety,Dept. of Juvenile Corrections,,PASSED,04/09,LAW+,https://legislature.idaho.gov/sessioninfo/2026/legislation/S1361/,16
S1361,Senate Bill 1361,FY27 Maintenance,Public Safety,Idaho State Police,,PASSED,04/09,LAW+,https://legislature.idaho.gov/sessioninfo/2026/legislation/S1361/,17
S1361,Senate Bill 1361,FY27 Maintenance,Public Safety,Idaho State Police,Brand Inspection,PASSED,04/09,LAW+,https://legislature.idaho.gov/sessioninfo/2026/legislation/S1361/,18
S1361,Senate Bill 1361,FY27 Maintenance,Public Safety,Idaho State Police,POST Academy,PASSED,04/09,LAW+,https://legislature.idaho.gov/sessioninfo/2026/legislation/S1361/,19
S1361,Senate Bill 1361,FY27 Maintenance,Public Safety,Idaho State Police,Racing Comm.,PASSED,04/09,LAW+,https://legislature.idaho.gov/sessioninfo/2026/legislation/S1361/,20
S1363,Senate Bill 1363,FY27 Maintenance,Natural Resources,Dept. of Environmental Quality,,PASSED,04/09,LAW+,https://legislature.idaho.gov/sessioninfo/2026/legislation/S1363/,21
S1363,Senate Bill 1363,FY27 Maintenance,Natural Resources,Dept. of Fish & Game,,PASSED,04/09,LAW+,https://legislature.idaho.gov/sessioninfo/2026/legislation/S1363/,22
S1363,Senate Bill 1363,FY27 Maintenance,Natural Resources,Dept. of Parks & Recreation,,PASSED,04/09,LAW+,https://legislature.idaho.gov/sessioninfo/2026/legislation/S1363/,23
S1363,Senate Bill 1363,FY27 Maintenance,Natural Resources,Dept. of Water Resources,,PASSED,04/09,LAW+,https://legislature.idaho.gov/sessioninfo/2026/legislation/S1363/,24
S1363,Senate Bill 1363,FY27 Maintenance,Natural Resources,Land Board,Dept. of Lands,PASSED,04/09,LAW+,https://legislature.idaho.gov/sessioninfo/2026/legislation/S1363/,25
S1363,Senate Bill 1363,FY27 Maintenance,Natural Resources,Land Board,Endowment Fund Investment Board,PASSED,04/09,LAW+,https://legislature.idaho.gov/sessioninfo/2026/legislation/S1363/,26
S1375,Senate Bill 1375,FY27 Maintenance,Health & Human Services,,,FAILED,04/09,S FAILED,https://legislature.idaho.gov/sessioninfo/2026/legislation/S1375/,27
S1375,Senate Bill 1375,FY27 Maintenance,Health & Human Services,Dept. of Health & Welfare,Child Welfare,FAILED,04/09,S FAILED,https://legislature.idaho.gov/sessioninfo/2026/legislation/S1375/,28
S1375,Senate Bill 1375,FY27 Maintenance,Health & Human Services,Dept. of Health & Welfare,Div. of Medicaid,FAILED,04/09,S FAILED,https://legislature.idaho.gov/sessioninfo/2026/legislation/S1375/,29
S1375,Senate Bill 1375,FY27 Maintenance,Health & Human Services,Dept. of Health & Welfare,Div. of Welfare,FAILED,04/09,S FAILED,https://legislature.idaho.gov/sessioninfo/2026/legislation/S1375/,30
S1375,Senate Bill 1375,FY27 Maintenance,Health & Human Services,Dept. of Health & Welfare,Independent Councils,FAILED,04/09,S FAILED,https://legislature.idaho.gov/sessioninfo/2026/legislation/S1375/,31
S1375,Senate Bill 1375,FY27 Maintenance,Health & Human Services,Dept. of Health & Welfare,Indirect Support Services,FAILED,04/09,S FAILED,https://legislature.idaho.gov/sessioninfo/2026/legislation/S1375/,32
S1375,Senate Bill 1375,FY27 Maintenance,Health & Human Services,Dept. of Health & Welfare,Licensing & Certification,FAILED,04/09,S FAILED,https://legislature.idaho.gov/sessioninfo/2026/legislation/S1375/,33
S1375,Senate Bill 1375,FY27 Maintenance,Health & Human Services,Dept. of Health & Welfare,Mental Health Services,FAILED,04/09,S FAILED,https://legislature.idaho.gov/sessioninfo/2026/legislation/S1375/,34
S1375,Senate Bill 1375,FY27 Maintenance,Health & Human Services,Dept. of Health & Welfare,Psychiatric Hospitalization,FAILED,04/09,S FAILED,https://legislature.idaho.gov/sessioninfo/2026/legislation/S1375/,35
S1375,Senate Bill 1375,FY27 Maintenance,Health & Human Services,Dept. of Health & Welfare,Public Health Services,FAILED,04/09,S FAILED,https://legislature.idaho.gov/sessioninfo/2026/legislation/S1375/,36
S1375,Senate Bill 1375,FY27 Maintenance,Health & Human Services,Dept. of Health & Welfare,Service Integration,FAILED,04/09,S FAILED,https://legislature.idaho.gov/sessioninfo/2026/legislation/S1375/,37
S1375,Senate Bill 1375,FY27 Maintenance,Health & Human Services,Dept. of Health & Welfare,Services for the Developmentally Disabled,FAILED,04/09,S FAILED,https://legislature.idaho.gov/sessioninfo/2026/legislation/S1375/,38
S1375,Senate Bill 1375,FY27 Maintenance,Health & Human Services,Dept. of Health & Welfare,Substance Abuse Treatment & Prevention,FAILED,04/09,S FAILED,https://legislature.idaho.gov/sessioninfo/2026/legislation/S1375/,39
S1375,Senate Bill 1375,FY27 Maintenance,Health & Human Services,State Independent Living Council,,FAILED,04/09,S FAILED,https://legislature.idaho.gov/sessioninfo/2026/legislation/S1375/,40
,,FY27 Enhancement,Constitutional Officers,Attorney General,,WITHDRAWN,03/12,JFAC Budget Setting,,41
,Enhancement,FY27 Enhancement,Economic Development,Dept. of Agriculture,Soil & Water Conservation Comm.,INTRODUCED,03/11,JFAC Budget Setting,https://legislature.idaho.gov/sessioninfo/rs/,42
,Enhancement,FY27 Enhancement,Economic Development,Dept. of Self-Governing Agencies,Div. of Occupational & Professional Licenses,INTRODUCED,03/11,JFAC Budget Setting,https://legislature.idaho.gov/sessioninfo/rs/,43
,Enhancement,FY27 Enhancement,Natural Resources,Dept. of Water Resources,,INTRODUCED,03/11,JFAC Budget Setting,https://legislature.idaho.gov/sessioninfo/rs/,44
S1373,Senate Bill 1373,FY27 Maintenance,Economic Development,,,PASSED,04/09,LAW+,https://legislature.idaho.gov/sessioninfo/2026/legislation/S1373/,45
S1373,Senate Bill 1373,FY27 Maintenance,Economic Development,Dept. of Agriculture,,PASSED,04/09,LAW+,https://legislature.idaho.gov/sessioninfo/2026/legislation/S1373/,46
S1373,Senate Bill 1373,FY27 Maintenance,Economic Development,Dept. of Agriculture,Soil & Water Conservation Comm.,PASSED,04/09,LAW+,https://legislature.idaho.gov/sessioninfo/2026/legislation/S1373/,47
S1373,Senate Bill 1373,FY27 Maintenance,Economic Development,Dept. of Commerce,,PASSED,04/09,LAW+,https://legislature.idaho.gov/sessioninfo/2026/legislation/S1373/,48
S1373,Senate Bill 1373,FY27 Maintenance,Economic Development,Dept. of Finance,,PASSED,04/09,LAW+,https://legislature.idaho.gov/sessioninfo/2026/legislation/S1373/,49
S1373,Senate Bill 1373,FY27 Maintenance,Economic Development,Dept. of Insurance,,PASSED,04/09,LAW+,https://legislature.idaho.gov/sessioninfo/2026/legislation/S1373/,50
S1373,Senate Bill 1373,FY27 Maintenance,Economic Development,Dept. of Labor,,PASSED,04/09,LAW+,https://legislature.idaho.gov/sessioninfo/2026/legislation/S1373/,51
S1373,Senate Bill 1373,FY27 Maintenance,Economic Development,Dept. of Self-Governing Agencies,Comm. for Libraries,PASSED,04/09,LAW+,https://legislature.idaho.gov/sessioninfo/2026/legislation/S1373/,52
S1373,Senate Bill 1373,FY27 Maintenance,Economic Development,Dept. of Self-Governing Agencies,Comm. of Pardons & Parole,PASSED,04/09,LAW+,https://legislature.idaho.gov/sessioninfo/2026/legislation/S1373/,53
S1373,Senate Bill 1373,FY27 Maintenance,Economic Development,Dept. of Self-Governing Agencies,Comm. on Hispanic Affairs,PASSED,04/09,LAW+,https://legislature.idaho.gov/sessioninfo/2026/legislation/S1373/,54
S1373,Senate Bill 1373,FY27 Maintenance,Economic Development,Dept. of Self-Governing Agencies,Div. of Occupational & Professional Licenses,PASSED,04/09,LAW+,https://legislature.idaho.gov/sessioninfo/2026/legislation/S1373/,55
S1373,Senate Bill 1373,FY27 Maintenance,Economic Development,Dept. of Self-Governing Agencies,Div. of Veterans Services,PASSED,04/09,LAW+,https://legislature.idaho.gov/sessioninfo/2026/legislation/S1373/,56
S1373,Senate Bill 1373,FY27 Maintenance,Economic Development,Dept. of Self-Governing Agencies,Office of Administrative Hearings,PASSED,04/09,LAW+,https://legislature.idaho.gov/sessioninfo/2026/legislation/S1373/,57
S1373,Senate Bill 1373,FY27 Maintenance,Economic Development,Dept. of Self-Governing Agencies,Office of Health & Social Services Ombudsman,PASSED,04/09,LAW+,https://legislature.idaho.gov/sessioninfo/2026/legislation/S1373/,58
S1373,Senate Bill 1373,FY27 Maintenance,Economic Development,Dept. of Self-Governing Agencies,Office of the State Public Defender,PASSED,04/09,LAW+,https://legislature.idaho.gov/sessioninfo/2026/legislation/S1373/,59
S1373,Senate Bill 1373,FY27 Maintenance,Economic Development,Dept. of Self-Governing Agencies,Public Defense Comm.,PASSED,04/09,LAW+,https://legislature.idaho.gov/sessioninfo/2026/legislation/S1373/,60
S1373,Senate Bill 1373,FY27 Maintenance,Economic Development,Dept. of Self-Governing Agencies,State Appellate Public Defender,PASSED,04/09,LAW+,https://legislature.idaho.gov/sessioninfo/2026/legislation/S1373/,61
S1373,Senate Bill 1373,FY27 Maintenance,Economic Development,Dept. of Self-Governing Agencies,State Historical Society,PASSED,04/09,LAW+,https://legislature.idaho.gov/sessioninfo/2026/legislation/S1373/,62
S1373,Senate Bill 1373,FY27 Maintenance,Economic Development,Dept. of Self-Governing Agencies,State Lottery,PASSED,04/09,LAW+,https://legislature.idaho.gov/sessioninfo/2026/legislation/S1373/,63
S1373,Senate Bill 1373,FY27 Maintenance,Economic Development,Dept. of Transportation,Contract Construction & Right-of-Way,PASSED,04/09,LAW+,https://legislature.idaho.gov/sessioninfo/2026/legislation/S1373/,64
S1373,Senate Bill 1373,FY27 Maintenance,Economic Development,Dept. of Transportation,Highway Operations,PASSED,04/09,LAW+,https://legislature.idaho.gov/sessioninfo/2026/legislation/S1373/,65
S1373,Senate Bill 1373,FY27 Maintenance,Economic Development,Dept. of Transportation,Motor Vehicles,PASSED,04/09,LAW+,https://legislature.idaho.gov/sessioninfo/2026/legislation/S1373/,66
S1373,Senate Bill 1373,FY27 Maintenance,Economic Development,Dept. of Transportation,Transportation Services,PASSED,04/09,LAW+,https://legislature.idaho.gov/sessioninfo/2026/legislation/S1373/,67
S1373,Senate Bill 1373,FY27 Maintenance,Economic Development,Industrial Comm.,,PASSED,04/09,LAW+,https://legislature.idaho.gov/sessioninfo/2026/legislation/S1373/,68
S1373,Senate Bill 1373,FY27 Maintenance,Economic Development,Public Utilities Comm.,,PASSED,04/09,LAW+,https://legislature.idaho.gov/sessioninfo/2026/legislation/S1373/,69
,Supplemental,FY26 Supplemental,Economic Development,Dept. of Agriculture,Soil & Water Conservation Comm.,INTRODUCED,03/11,JFAC Budget Setting,https://legislature.idaho.gov/sessioninfo/rs/,70
,Enhancement,FY27 Enhancement,Constitutional Officers,Secretary of State,,INTRODUCED,03/10,JFAC Budget Setting,https://legislature.idaho.gov/sessioninfo/rs/,71
,Enhancement,FY27 Enhancement,Economic Development,Dept. of Agriculture,,INTRODUCED,03/10,JFAC Budget Setting,https://legislature.idaho.gov/sessioninfo/rs/,72
,Enhancement,FY27 Enhancement,Economic Development,Dept. of Self-Governing Agencies,Office of the State Public Defender,INTRODUCED,03/10,JFAC Budget Setting,https://legislature.idaho.gov/sessioninfo/rs/,73
,Enhancement,FY27 Enhancement,Economic Development,Dept. of Transportation,Contract Construction & Right-of-Way,INTRODUCED,03/10,JFAC Budget Setting,https://legislature.idaho.gov/sessioninfo/rs/,74
,Enhancement,FY27 Enhancement,Economic Development,Dept. of Transportation,Highway Operations,INTRODUCED,03/10,JFAC Budget Setting,https://legislature.idaho.gov/sessioninfo/rs/,75
,Enhancement,FY27 Enhancement,Economic Development,Dept. of Transportation,Motor Vehicles,INTRODUCED,03/10,JFAC Budget Setting,https://legislature.idaho.gov/sessioninfo/rs/,76
,Enhancement,FY27 Enhancement,Economic Development,Dept. of Transportation,Transportation Services,INTRODUCED,03/10,JFAC Budget Setting,https://legislature.idaho.gov/sessioninfo/rs/,77
,Enhancement,FY27 Enhancement,General Government,Office of the Governor,State Liquor Division,INTRODUCED,03/10,JFAC Budget Setting,https://legislature.idaho.gov/sessioninfo/rs/,78
H0847,House Bill 847,FY27 Maintenance,Judicial Branch,,,PASSED,04/09,LAW+,https://legislature.idaho.gov/sessioninfo/2026/legislation/H0847/,79
H0847,House Bill 847,FY27 Maintenance,Judicial Branch,Court Operations,,PASSED,04/09,LAW+,https://legislature.idaho.gov/sessioninfo/2026/legislation/H0847/,80
H0847,House Bill 847,FY27 Maintenance,Judicial Branch,Guardian Ad Litem Program,,PASSED,04/09,LAW+,https://legislature.idaho.gov/sessioninfo/2026/legislation/H0847/,81
H0847,House Bill 847,FY27 Maintenance,Judicial Branch,Judicial Council,,PASSED,04/09,LAW+,https://legislature.idaho.gov/sessioninfo/2026/legislation/H0847/,82
H0848,House Bill 848,FY27 Maintenance,Legislative Branch,,,PASSED,04/09,LAW+,https://legislature.idaho.gov/sessioninfo/2026/legislation/H0848/,83
H0848,House Bill 848,FY27 Maintenance,Legislative Branch,Legislative Services Office,,PASSED,04/09,LAW+,https://legislature.idaho.gov/sessioninfo/2026/legislation/H0848/,84
H0848,House Bill 848,FY27 Maintenance,Legislative Branch,Legislative Technology,,PASSED,04/09,LAW+,https://legislature.idaho.gov/sessioninfo/2026/legislation/H0848/,85
H0848,House Bill 848,FY27 Maintenance,Legislative Branch,Legislature,,PASSED,04/09,LAW+,https://legislature.idaho.gov/sessioninfo/2026/legislation/H0848/,86
H0848,House Bill 848,FY27 Maintenance,Legislative Branch,Office of Performance Evaluations,,PASSED,04/09,LAW+,https://legislature.idaho.gov/sessioninfo/2026/legislation/H0848/,87
,Supplemental,FY26 Supplemental,Economic Development,Dept. of Agriculture,,INTRODUCED,03/10,JFAC Budget Setting,https://legislature.idaho.gov/sessioninfo/rs/,88
,Enhancement,FY27 Enhancement,Natural Resources,Dept. of Environmental Quality,,INTRODUCED,03/09,JFAC Budget Setting,https://legislature.idaho.gov/sessioninfo/rs/,89
,Enhancement,FY27 Enhancement,Natural Resources,Land Board,Dept. of Lands,INTRODUCED,03/09,JFAC Budget Setting,https://legislature.idaho.gov/sessioninfo/rs/,90
,Enhancement,FY27 Enhancement,Public Schools,Services for the Deaf & the Blind,,INTRODUCED,03/09,JFAC Budget Setting,https://legislature.idaho.gov/sessioninfo/rs/,91
,Enhancement,FY27 Enhancement,State Board of Education,Dept. of Education,,INTRODUCED,03/09,JFAC Budget Setting,https://legislature.idaho.gov/sessioninfo/rs/,92
,Supplemental,FY26 Supplemental,Natural Resources,Land Board,Dept. of Lands,INTRODUCED,03/09,JFAC Budget Setting,https://legislature.idaho.gov/sessioninfo/rs/,93
,Enhancement,FY27 Enhancement,General Government,Dept. of Administration,,INTRODUCED,03/06,JFAC Budget Setting,https://legislature.idaho.gov/sessioninfo/rs/,94
,Enhancement,FY27 Enhancement,General Government,Office of the Governor,Military Division,INTRODUCED,03/06,JFAC Budget Setting,https://legislature.idaho.gov/sessioninfo/rs/,95
,Enhancement,FY27 Enhancement,Health & Human Services,Dept. of Health & Welfare,Div. of Medicaid,INTRODUCED,03/06,JFAC Budget Setting,https://legislature.idaho.gov/sessioninfo/rs/,96
,Enhancement,FY27 Enhancement,Public Safety,Dept. of Juvenile Corrections,,INTRODUCED,03/06,JFAC Budget Setting,https://legislature.idaho.gov/sessioninfo/rs/,97
,Enhancement,FY27 Enhancement,Public Safety,Idaho State Police,,INTRODUCED,03/06,JFAC Budget Setting,https://legislature.idaho.gov/sessioninfo/rs/,98
,Enhancement,FY27 Enhancement,Public Safety,Idaho State Police,Brand Inspection,INTRODUCED,03/06,JFAC Budget Setting,https://legislature.idaho.gov/sessioninfo/rs/,99
,Enhancement,FY27 Enhancement,Public Safety,Idaho State Police,POST Academy,INTRODUCED,03/06,JFAC Budget Setting,https://legislature.idaho.gov/sessioninfo/rs/,100
S1331,Senate Bill 1331,FY26 Reduction,Constitutional Officers,Attorney General,,PASSED,04/09,LAW+,https://legislature.idaho.gov/sessioninfo/2026/legislation/S1331/,101
S1331,Senate Bill 1331,FY26 Reduction,Constitutional Officers,Governor,,PASSED,04/09,LAW+,https://legislature.idaho.gov/sessioninfo/2026/legislation/S1331/,102
S1331,Senate Bill 1331,FY26 Reduction,Constitutional Officers,Lieutenant Governor,,PASSED,04/09,LAW+,https://legislature.idaho.gov/sessioninfo/2026/legislation/S1331/,103
S1331,Senate Bill 1331,FY26 Reduction,Constitutional Officers,Secretary of State,,PASSED,04/09,LAW+,https://legislature.idaho.gov/sessioninfo/2026/legislation/S1331/,104
S1331,Senate Bill 1331,FY26 Reduction,Constitutional Officers,State Controller,,PASSED,04/09,LAW+,https://legislature.idaho.gov/sessioninfo/2026/legislation/S1331/,105
S1331,Senate Bill 1331,FY26 Reduction,Constitutional Officers,State Treasurer,,PASSED,04/09,LAW+,https://legislature.idaho.gov/sessioninfo/2026/legislation/S1331/,106
S1331,Senate Bill 1331,FY26 Reduction,Constitutional Officers,State Treasurer,Millennium Fund,PASSED,04/09,LAW+,https://legislature.idaho.gov/sessioninfo/2026/legislation/S1331/,107
S1331,Senate Bill 1331,FY26 Reduction,Economic Development,Dept. of Agriculture,,PASSED,04/09,LAW+,https://legislature.idaho.gov/sessioninfo/2026/legislation/S1331/,108
S1331,Senate Bill 1331,FY26 Reduction,Economic Development,Dept. of Agriculture,Soil & Water Conservation Comm.,PASSED,04/09,LAW+,https://legislature.idaho.gov/sessioninfo/2026/legislation/S1331/,109
S1331,Senate Bill 1331,FY26 Reduction,Economic Development,Dept. of Commerce,,PASSED,04/09,LAW+,https://legislature.idaho.gov/sessioninfo/2026/legislation/S1331/,110
S1331,Senate Bill 1331,FY26 Reduction,Economic Development,Dept. of Finance,,PASSED,04/09,LAW+,https://legislature.idaho.gov/sessioninfo/2026/legislation/S1331/,111
S1331,Senate Bill 1331,FY26 Reduction,Economic Development,Dept. of Insurance,,PASSED,04/09,LAW+,https://legislature.idaho.gov/sessioninfo/2026/legislation/S1331/,112
S1331,Senate Bill 1331,FY26 Reduction,Economic Development,Dept. of Labor,,PASSED,04/09,LAW+,https://legislature.idaho.gov/sessioninfo/2026/legislation/S1331/,113
S1331,Senate Bill 1331,FY26 Reduction,Economic Development,Dept. of Self-Governing Agencies,Comm. for Libraries,PASSED,04/09,LAW+,https://legislature.idaho.gov/sessioninfo/2026/legislation/S1331/,114
S1331,Senate Bill 1331,FY26 Reduction,Economic Development,Dept. of Self-Governing Agencies,Comm. of Pardons & Parole,PASSED,04/09,LAW+,https://legislature.idaho.gov/sessioninfo/2026/legislation/S1331/,115
S1331,Senate Bill 1331,FY26 Reduction,Economic Development,Dept. of Self-Governing Agencies,Comm. on Hispanic Affairs,PASSED,04/09,LAW+,https://legislature.idaho.gov/sessioninfo/2026/legislation/S1331/,116
S1331,Senate Bill 1331,FY26 Reduction,Economic Development,Dept. of Self-Governing Agencies,Div. of Occupational & Professional Licenses,PASSED,04/09,LAW+,https://legislature.idaho.gov/sessioninfo/2026/legislation/S1331/,117
S1331,Senate Bill 1331,FY26 Reduction,Economic Development,Dept. of Self-Governing Agencies,Div. of Veterans Services,PASSED,04/09,LAW+,https://legislature.idaho.gov/sessioninfo/2026/legislation/S1331/,118
S1331,Senate Bill 1331,FY26 Reduction,Economic Development,Dept. of Self-Governing Agencies,Office of Administrative Hearings,PASSED,04/09,LAW+,https://legislature.idaho.gov/sessioninfo/2026/legislation/S1331/,119
S1331,Senate Bill 1331,FY26 Reduction,Economic Development,Dept. of Self-Governing Agencies,Office of Health & Social Services Ombudsman,PASSED,04/09,LAW+,https://legislature.idaho.gov/sessioninfo/2026/legislation/S1331/,120
S1331,Senate Bill 1331,FY26 Reduction,Economic Development,Dept. of Self-Governing Agencies,Office of the State Public Defender,PASSED,04/09,LAW+,https://legislature.idaho.gov/sessioninfo/2026/legislation/S1331/,121
S1331,Senate Bill 1331,FY26 Reduction,Economic Development,Dept. of Self-Governing Agencies,Public Defense Comm.,PASSED,04/09,LAW+,https://legislature.idaho.gov/sessioninfo/2026/legislation/S1331/,122
S1331,Senate Bill 1331,FY26 Reduction,Economic Development,Dept. of Self-Governing Agencies,State Appellate Public Defender,PASSED,04/09,LAW+,https://legislature.idaho.gov/sessioninfo/2026/legislation/S1331/,123
S1331,Senate Bill 1331,FY26 Reduction,Economic Development,Dept. of Self-Governing Agencies,State Historical Society,PASSED,04/09,LAW+,https://legislature.idaho.gov/sessioninfo/2026/legislation/S1331/,124
S1331,Senate Bill 1331,FY26 Reduction,Economic Development,Dept. of Self-Governing Agencies,State Lottery,PASSED,04/09,LAW+,https://legislature.idaho.gov/sessioninfo/2026/legislation/S1331/,125
S1331,Senate Bill 1331,FY26 Reduction,Economic Development,Dept. of Transportation,Contract Construction & Right-of-Way,PASSED,04/09,LAW+,https://legislature.idaho.gov/sessioninfo/2026/legislation/S1331/,126
S1331,Senate Bill 1331,FY26 Reduction,Economic Development,Dept. of Transportation,Highway Operations,PASSED,04/09,LAW+,https://legislature.idaho.gov/sessioninfo/2026/legislation/S1331/,127
S1331,Senate Bill 1331,FY26 Reduction,Economic Development,Dept. of Transportation,Motor Vehicles,PASSED,04/09,LAW+,https://legislature.idaho.gov/sessioninfo/2026/legislation/S1331/,128
S1331,Senate Bill 1331,FY26 Reduction,Economic Development,Dept. of Transportation,Transportation Services,PASSED,04/09,LAW+,https://legislature.idaho.gov/sessioninfo/2026/legislation/S1331/,129
S1331,Senate Bill 1331,FY26 Reduction,Economic Development,Industrial Comm.,,PASSED,04/09,LAW+,https://legislature.idaho.gov/sessioninfo/2026/legislation/S1331/,130
S1331,Senate Bill 1331,FY26 Reduction,Economic Development,Public Utilities Comm.,,PASSED,04/09,LAW+,https://legislature.idaho.gov/sessioninfo/2026/legislation/S1331/,131
S1331,Senate Bill 1331,FY26 Reduction,General Government,Dept. of Administration,,PASSED,04/09,LAW+,https://legislature.idaho.gov/sessioninfo/2026/legislation/S1331/,132
S1331,Senate Bill 1331,FY26 Reduction,General Government,Dept. of Administration,Capitol Comm.,PASSED,04/09,LAW+,https://legislature.idaho.gov/sessioninfo/2026/legislation/S1331/,133
S1331,Senate Bill 1331,FY26 Reduction,General Government,Dept. of Administration,Permanent Building Fund,PASSED,04/09,LAW+,https://legislature.idaho.gov/sessioninfo/2026/legislation/S1331/,134
S1331,Senate Bill 1331,FY26 Reduction,General Government,Dept. of Revenue & Taxation,Board of Tax Appeals,PASSED,04/09,LAW+,https://legislature.idaho.gov/sessioninfo/2026/legislation/S1331/,135
S1331,Senate Bill 1331,FY26 Reduction,General Government,Dept. of Revenue & Taxation,State Tax Comm.,PASSED,04/09,LAW+,https://legislature.idaho.gov/sessioninfo/2026/legislation/S1331/,136
S1331,Senate Bill 1331,FY26 Reduction,General Government,Office of the Governor,Comm. for the Blind & Visually Impaired,PASSED,04/09,LAW+,https://legislature.idaho.gov/sessioninfo/2026/legislation/S1331/,137
S1331,Senate Bill 1331,FY26 Reduction,General Government,Office of the Governor,Comm. on Aging,PASSED,04/09,LAW+,https://legislature.idaho.gov/sessioninfo/2026/legislation/S1331/,138
S1331,Senate Bill 1331,FY26 Reduction,General Government,Office of the Governor,Comm. on the Arts,PASSED,04/09,LAW+,https://legislature.idaho.gov/sessioninfo/2026/legislation/S1331/,139
S1331,Senate Bill 1331,FY26 Reduction,General Government,Office of the Governor,Div. of Financial Management,PASSED,04/09,LAW+,https://legislature.idaho.gov/sessioninfo/2026/legislation/S1331/,140
S1331,Senate Bill 1331,FY26 Reduction,General Government,Office of the Governor,Div. of Human Resources,PASSED,04/09,LAW+,https://legislature.idaho.gov/sessioninfo/2026/legislation/S1331/,141
S1331,Senate Bill 1331,FY26 Reduction,General Government,Office of the Governor,Military Div.,PASSED,04/09,LAW+,https://legislature.idaho.gov/sessioninfo/2026/legislation/S1331/,142
S1331,Senate Bill 1331,FY26 Reduction,General Government,Office of the Governor,Office of Drug Policy,PASSED,04/09,LAW+,https://legislature.idaho.gov/sessioninfo/2026/legislation/S1331/,143
S1331,Senate Bill 1331,FY26 Reduction,General Government,Office of the Governor,Office of Energy & Mineral Resources,PASSED,04/09,LAW+,https://legislature.idaho.gov/sessioninfo/2026/legislation/S1331/,144
S1331,Senate Bill 1331,FY26 Reduction,General Government,Office of the Governor,Office of Information Technology Services,PASSED,04/09,LAW+,https://legislature.idaho.gov/sessioninfo/2026/legislation/S1331/,145
S1331,Senate Bill 1331,FY26 Reduction,General Government,Office of the Governor,Office of Species Conservation,PASSED,04/09,LAW+,https://legislature.idaho.gov/sessioninfo/2026/legislation/S1331/,146
S1331,Senate Bill 1331,FY26 Reduction,General Government,Office of the Governor,Public Employee Retirement System,PASSED,04/09,LAW+,https://legislature.idaho.gov/sessioninfo/2026/legislation/S1331/,147
S1331,Senate Bill 1331,FY26 Reduction,General Government,Office of the Governor,State Liquor Div.,PASSED,04/09,LAW+,https://legislature.idaho.gov/sessioninfo/2026/legislation/S1331/,148
S1331,Senate Bill 1331,FY26 Reduction,General Government,Office of the Governor,STEM Action Center,PASSED,04/09,LAW+,https://legislature.idaho.gov/sessioninfo/2026/legislation/S1331/,149
S1331,Senate Bill 1331,FY26 Reduction,General Government,Office of the Governor,Wolf Depredation Control Board,PASSED,04/09,LAW+,https://legislature.idaho.gov/sessioninfo/2026/legislation/S1331/,150
S1331,Senate Bill 1331,FY26 Reduction,General Government,Office of the Governor,Workforce Development Council,PASSED,04/09,LAW+,https://legislature.idaho.gov/sessioninfo/2026/legislation/S1331/,151
S1331,Senate Bill 1331,FY26 Reduction,Health & Human Services,Dept. of Health & Welfare,Child Welfare,PASSED,04/09,LAW+,https://legislature.idaho.gov/sessioninfo/2026/legislation/S1331/,152
S1331,Senate Bill 1331,FY26 Reduction,Health & Human Services,Dept. of Health & Welfare,Div. of Medicaid,PASSED,04/09,LAW+,https://legislature.idaho.gov/sessioninfo/2026/legislation/S1331/,153
S1331,Senate Bill 1331,FY26 Reduction,Health & Human Services,Dept. of Health & Welfare,Div. of Welfare,PASSED,04/09,LAW+,https://legislature.idaho.gov/sessioninfo/2026/legislation/S1331/,154
S1331,Senate Bill 1331,FY26 Reduction,Health & Human Services,Dept. of Health & Welfare,Independent Councils,PASSED,04/09,LAW+,https://legislature.idaho.gov/sessioninfo/2026/legislation/S1331/,155
S1331,Senate Bill 1331,FY26 Reduction,Health & Human Services,Dept. of Health & Welfare,Indirect Support Services,PASSED,04/09,LAW+,https://legislature.idaho.gov/sessioninfo/2026/legislation/S1331/,156
S1331,Senate Bill 1331,FY26 Reduction,Health & Human Services,Dept. of Health & Welfare,Licensing & Certification,PASSED,04/09,LAW+,https://legislature.idaho.gov/sessioninfo/2026/legislation/S1331/,157
S1331,Senate Bill 1331,FY26 Reduction,Health & Human Services,Dept. of Health & Welfare,Mental Health Services,PASSED,04/09,LAW+,https://legislature.idaho.gov/sessioninfo/2026/legislation/S1331/,158
S1331,Senate Bill 1331,FY26 Reduction,Health & Human Services,Dept. of Health & Welfare,Psychiatric Hospitalization,PASSED,04/09,LAW+,https://legislature.idaho.gov/sessioninfo/2026/legislation/S1331/,159
S1331,Senate Bill 1331,FY26 Reduction,Health & Human Services,Dept. of Health & Welfare,Public Health Services,PASSED,04/09,LAW+,https://legislature.idaho.gov/sessioninfo/2026/legislation/S1331/,160
S1331,Senate Bill 1331,FY26 Reduction,Health & Human Services,Dept. of Health & Welfare,Service Integration,PASSED,04/09,LAW+,https://legislature.idaho.gov/sessioninfo/2026/legislation/S1331/,161
S1331,Senate Bill 1331,FY26 Reduction,Health & Human Services,Dept. of Health & Welfare,Services for the Developmentally Disabled,PASSED,04/09,LAW+,https://legislature.idaho.gov/sessioninfo/2026/legislation/S1331/,162
S1331,Senate Bill 1331,FY26 Reduction,Health & Human Services,Dept. of Health & Welfare,Substance Abuse Treatment & Prevention,PASSED,04/09,LAW+,https://legislature.idaho.gov/sessioninfo/2026/legislation/S1331/,163
S1331,Senate Bill 1331,FY26 Reduction,Health & Human Services,State Independent Living Council,,PASSED,04/09,LAW+,https://legislature.idaho.gov/sessioninfo/2026/legislation/S1331/,164
S1331,Senate Bill 1331,FY26 Reduction,Judicial Branch,Court Operations,,PASSED,04/09,LAW+,https://legislature.idaho.gov/sessioninfo/2026/legislation/S1331/,165
S1331,Senate Bill 1331,FY26 Reduction,Judicial Branch,Guardian Ad Litem Program,,PASSED,04/09,LAW+,https://legislature.idaho.gov/sessioninfo/2026/legislation/S1331/,166
S1331,Senate Bill 1331,FY26 Reduction,Judicial Branch,Judicial Council,,PASSED,04/09,LAW+,https://legislature.idaho.gov/sessioninfo/2026/legislation/S1331/,167
S1331,Senate Bill 1331,FY26 Reduction,Legislative Branch,Legislative Services Office,,PASSED,04/09,LAW+,https://legislature.idaho.gov/sessioninfo/2026/legislation/S1331/,168
S1331,Senate Bill 1331,FY26 Reduction,Legislative Branch,Legislative Technology,,PASSED,04/09,LAW+,https://legislature.idaho.gov/sessioninfo/2026/legislation/S1331/,169
S1331,Senate Bill 1331,FY26 Reduction,Legislative Branch,Legislature,,PASSED,04/09,LAW+,https://legislature.idaho.gov/sessioninfo/2026/legislation/S1331/,170
S1331,Senate Bill 1331,FY26 Reduction,Legislative Branch,Office of Performance Evaluations,,PASSED,04/09,LAW+,https://legislature.idaho.gov/sessioninfo/2026/legislation/S1331/,171
S1331,Senate Bill 1331,FY26 Reduction,Natural Resources,Dept. of Environmental Quality,,PASSED,04/09,LAW+,https://legislature.idaho.gov/sessioninfo/2026/legislation/S1331/,172
S1331,Senate Bill 1331,FY26 Reduction,Natural Resources,Dept. of Fish & Game,,PASSED,04/09,LAW+,https://legislature.idaho.gov/sessioninfo/2026/legislation/S1331/,173
S1331,Senate Bill 1331,FY26 Reduction,Natural Resources,Dept. of Parks & Recreation,,PASSED,04/09,LAW+,https://legislature.idaho.gov/sessioninfo/2026/legislation/S1331/,174
S1331,Senate Bill 1331,FY26 Reduction,Natural Resources,Dept. of Water Resources,,PASSED,04/09,LAW+,https://legislature.idaho.gov/sessioninfo/2026/legislation/S1331/,175
S1331,Senate Bill 1331,FY26 Reduction,Natural Resources,Land Board,Dept. of Lands,PASSED,04/09,LAW+,https://legislature.idaho.gov/sessioninfo/2026/legislation/S1331/,176
S1331,Senate Bill 1331,FY26 Reduction,Natural Resources,Land Board,Endowment Fund Investment Board,PASSED,04/09,LAW+,https://legislature.idaho.gov/sessioninfo/2026/legislation/S1331/,177
S1331,Senate Bill 1331,FY26 Reduction,Public Safety,Dept. of Correction,Community Corrections,PASSED,04/09,LAW+,https://legislature.idaho.gov/sessioninfo/2026/legislation/S1331/,178
S1331,Senate Bill 1331,FY26 Reduction,Public Safety,Dept. of Correction,Community-Based SUDS Treatment,PASSED,04/09,LAW+,https://legislature.idaho.gov/sessioninfo/2026/legislation/S1331/,179
S1331,Senate Bill 1331,FY26 Reduction,Public Safety,Dept. of Correction,County & Out-of-State Placement,PASSED,04/09,LAW+,https://legislature.idaho.gov/sessioninfo/2026/legislation/S1331/,180
S1331,Senate Bill 1331,FY26 Reduction,Public Safety,Dept. of Correction,Management Services,PASSED,04/09,LAW+,https://legislature.idaho.gov/sessioninfo/2026/legislation/S1331/,181
S1331,Senate Bill 1331,FY26 Reduction,Public Safety,Dept. of Correction,Medical Services,PASSED,04/09,LAW+,https://legislature.idaho.gov/sessioninfo/2026/legislation/S1331/,182
S1331,Senate Bill 1331,FY26 Reduction,Public Safety,Dept. of Correction,State Prisons,PASSED,04/09,LAW+,https://legislature.idaho.gov/sessioninfo/2026/legislation/S1331/,183
S1331,Senate Bill 1331,FY26 Reduction,Public Safety,Dept. of Juvenile Corrections,,PASSED,04/09,LAW+,https://legislature.idaho.gov/sessioninfo/2026/legislation/S1331/,184
S1331,Senate Bill 1331,FY26 Reduction,Public Safety,Idaho State Police,,PASSED,04/09,LAW+,https://legislature.idaho.gov/sessioninfo/2026/legislation/S1331/,185
S1331,Senate Bill 1331,FY26 Reduction,Public Safety,Idaho State Police,Brand Inspection,PASSED,04/09,LAW+,https://legislature.idaho.gov/sessioninfo/2026/legislation/S1331/,186
S1331,Senate Bill 1331,FY26 Reduction,Public Safety,Idaho State Police,POST Academy,PASSED,04/09,LAW+,https://legislature.idaho.gov/sessioninfo/2026/legislation/S1331/,187
S1331,Senate Bill 1331,FY26 Reduction,Public Safety,Idaho State Police,Racing Comm.,PASSED,04/09,LAW+,https://legislature.idaho.gov/sessioninfo/2026/legislation/S1331/,188
S1331,Senate Bill 1331,FY26 Reduction,Public Schools,Administrators,,PASSED,04/09,LAW+,https://legislature.idaho.gov/sessioninfo/2026/legislation/S1331/,189
S1331,Senate Bill 1331,FY26 Reduction,Public Schools,Central Services,,PASSED,04/09,LAW+,https://legislature.idaho.gov/sessioninfo/2026/legislation/S1331/,190
S1331,Senate Bill 1331,FY26 Reduction,Public Schools,Children's Programs,,PASSED,04/09,LAW+,https://legislature.idaho.gov/sessioninfo/2026/legislation/S1331/,191
S1331,Senate Bill 1331,FY26 Reduction,Public Schools,Facilities,,PASSED,04/09,LAW+,https://legislature.idaho.gov/sessioninfo/2026/legislation/S1331/,192
S1331,Senate Bill 1331,FY26 Reduction,Public Schools,Idaho Digital Learning Academy,,PASSED,04/09,LAW+,https://legislature.idaho.gov/sessioninfo/2026/legislation/S1331/,193
S1331,Senate Bill 1331,FY26 Reduction,Public Schools,Operations,,PASSED,04/09,LAW+,https://legislature.idaho.gov/sessioninfo/2026/legislation/S1331/,194
S1331,Senate Bill 1331,FY26 Reduction,Public Schools,Services for the Deaf & the Blind,,PASSED,04/09,LAW+,https://legislature.idaho.gov/sessioninfo/2026/legislation/S1331/,195
S1331,Senate Bill 1331,FY26 Reduction,Public Schools,Student Support,,PASSED,04/09,LAW+,https://legislature.idaho.gov/sessioninfo/2026/legislation/S1331/,196
S1331,Senate Bill 1331,FY26 Reduction,Public Schools,Teachers,,PASSED,04/09,LAW+,https://legislature.idaho.gov/sessioninfo/2026/legislation/S1331/,197
S1331,Senate Bill 1331,FY26 Reduction,State Board of Education,Agricultural Research & Extension Service,,PASSED,04/09,LAW+,https://legislature.idaho.gov/sessioninfo/2026/legislation/S1331/,198
S1331,Senate Bill 1331,FY26 Reduction,State Board of Education,Career Technical Education,,PASSED,04/09,LAW+,https://legislature.idaho.gov/sessioninfo/2026/legislation/S1331/,199
S1331,Senate Bill 1331,FY26 Reduction,State Board of Education,Charter School Comm.,,PASSED,04/09,LAW+,https://legislature.idaho.gov/sessioninfo/2026/legislation/S1331/,200
S1331,Senate Bill 1331,FY26 Reduction,State Board of Education,College & Universities,,PASSED,04/09,LAW+,https://legislature.idaho.gov/sessioninfo/2026/legislation/S1331/,201
S1331,Senate Bill 1331,FY26 Reduction,State Board of Education,Community Colleges,,PASSED,04/09,LAW+,https://legislature.idaho.gov/sessioninfo/2026/legislation/S1331/,202
S1331,Senate Bill 1331,FY26 Reduction,State Board of Education,Dept. of Education,,PASSED,04/09,LAW+,https://legislature.idaho.gov/sessioninfo/2026/legislation/S1331/,203
S1331,Senate Bill 1331,FY26 Reduction,State Board of Education,Health Education Programs,,PASSED,04/09,LAW+,https://legislature.idaho.gov/sessioninfo/2026/legislation/S1331/,204
S1331,Senate Bill 1331,FY26 Reduction,State Board of Education,Idaho Public Television,,PASSED,04/09,LAW+,https://legislature.idaho.gov/sessioninfo/2026/legislation/S1331/,205
S1331,Senate Bill 1331,FY26 Reduction,State Board of Education,Office of the State Board of Education,,PASSED,04/09,LAW+,https://legislature.idaho.gov/sessioninfo/2026/legislation/S1331/,206
S1331,Senate Bill 1331,FY26 Reduction,State Board of Education,Special Programs,,PASSED,04/09,LAW+,https://legislature.idaho.gov/sessioninfo/2026/legislation/S1331/,207
S1331,Senate Bill 1331,FY26 Reduction,State Board of Education,Vocational Rehabilitation,,PASSED,04/09,LAW+,https://legislature.idaho.gov/sessioninfo/2026/legislation/S1331/,208
,Supplemental,FY26 Supplemental,Health & Human Services,Dept. of Health & Welfare,Div. of Medicaid,INTRODUCED,03/06,JFAC Budget Setting,https://legislature.idaho.gov/sessioninfo/rs/,209
,Enhancement,FY27 Enhancement,Constitutional Officers,State Treasurer,Millennium Fund,INTRODUCED,03/05,JFAC Budget Setting,https://legislature.idaho.gov/sessioninfo/rs/,210
,Enhancement,FY27 Enhancement,Economic Development,Dept. of Self-Governing Agencies,State Historical Society,INTRODUCED,03/05,JFAC Budget Setting,https://legislature.idaho.gov/sessioninfo/rs/,211
,Enhancement,FY27 Enhancement,Judicial Branch,Court Operations,,INTRODUCED,03/05,JFAC Budget Setting,https://legislature.idaho.gov/sessioninfo/rs/,212
,Enhancement,FY27 Enhancement,Judicial Branch,Guardian Ad Litem Program,,INTRODUCED,03/05,JFAC Budget Setting,https://legislature.idaho.gov/sessioninfo/rs/,213
,Enhancement,FY27 Enhancement,Health & Human Services,Dept. of Health & Welfare,Child Welfare,INTRODUCED,03/04,JFAC Budget Setting,https://legislature.idaho.gov/sessioninfo/rs/,214
,Enhancement,FY27 Enhancement,Health & Human Services,Dept. of Health & Welfare,Public Health Services,INTRODUCED,03/04,JFAC Budget Setting,https://legislature.idaho.gov/sessioninfo/rs/,215
,Enhancement,FY27 Enhancement,Natural Resources,Dept. of Parks & Recreation,,INTRODUCED,03/04,JFAC Budget Setting,https://legislature.idaho.gov/sessioninfo/rs/,216
S1380,Senate Bill 1380,FY27 Enhancement,Natural Resources,Land Board,Endowment Fund Investment Board,PASSED,04/09,LAW+,https://legislature.idaho.gov/sessioninfo/2026/legislation/S1380/,217
,Supplemental,FY26 Supplemental,Health & Human Services,Dept. of Health & Welfare,Child Welfare,INTRODUCED,03/04,JFAC Budget Setting,https://legislature.idaho.gov/sessioninfo/rs/,218
,Supplemental,FY26 Supplemental,Natural Resources,Dept. of Parks & Recreation,,INTRODUCED,03/04,JFAC Budget Setting,https://legislature.idaho.gov/sessioninfo/rs/,219
,Supplemental,FY26 Supplemental,Natural Resources,Land Board,Dept. of Lands,INTRODUCED,03/04,JFAC Budget Setting,https://legislature.idaho.gov/sessioninfo/rs/,220
,Supplemental,FY26 Supplemental,Natural Resources,Land Board,Dept. of Lands,MOTION FAILED,03/04,JFAC Budget Setting,https://legislature.idaho.gov/sessioninfo/rs/,221
,Enhancement,FY27 Enhancement,Economic Development,Dept. of Self-Governing Agencies,Comm. of Pardons & Parole,INTRODUCED,03/03,JFAC Budget Setting,https://legislature.idaho.gov/sessioninfo/rs/,222
,Enhancement,FY27 Enhancement,Health & Human Services,Dept. of Health & Welfare,Psychiatric Hospitalization,INTRODUCED,03/03,JFAC Budget Setting,https://legislature.idaho.gov/sessioninfo/rs/,223
,Enhancement,FY27 Enhancement,Health & Human Services,Dept. of Health & Welfare,Substance Abuse Treatment & Prevention,INTRODUCED,03/03,JFAC Budget Setting,https://legislature.idaho.gov/sessioninfo/rs/,224
,Enhancement,FY27 Enhancement,Public Safety,Dept. of Correction,Community Corrections,INTRODUCED,03/03,JFAC Budget Setting,https://legislature.idaho.gov/sessioninfo/rs/,225
,Enhancement,FY27 Enhancement,Public Safety,Dept. of Correction,County & Out-of-State Placement,INTRODUCED,03/03,JFAC Budget Setting,https://legislature.idaho.gov/sessioninfo/rs/,226
,Enhancement,FY27 Enhancement,Public Safety,Dept. of Correction,Management Services,INTRODUCED,03/03,JFAC Budget Setting,https://legislature.idaho.gov/sessioninfo/rs/,227
,Enhancement,FY27 Enhancement,Public Safety,Dept. of Correction,Medical Services,INTRODUCED,03/03,JFAC Budget Setting,https://legislature.idaho.gov/sessioninfo/rs/,228
,Enhancement,FY27 Enhancement,Public Safety,Dept. of Correction,State Prisons,INTRODUCED,03/03,JFAC Budget Setting,https://legislature.idaho.gov/sessioninfo/rs/,229
,Supplemental,FY26 Supplemental,Economic Development,Dept. of Self-Governing Agencies,Comm. of Pardons & Parole,INTRODUCED,03/03,JFAC Budget Setting,https://legislature.idaho.gov/sessioninfo/rs/,230
,Supplemental,FY26 Supplemental,Health & Human Services,Dept. of Health & Welfare,Psychiatric Hospitalization,INTRODUCED,03/03,JFAC Budget Setting,https://legislature.idaho.gov/sessioninfo/rs/,231
,Supplemental,FY26 Supplemental,Public Safety,Dept. of Correction,County & Out-of-State Placement,INTRODUCED,03/03,JFAC Budget Setting,https://legislature.idaho.gov/sessioninfo/rs/,232
,Supplemental,FY26 Supplemental,Public Safety,Dept. of Correction,Management Services,INTRODUCED,03/03,JFAC Budget Setting,https://legislature.idaho.gov/sessioninfo/rs/,233
,Supplemental,FY26 Supplemental,Public Safety,Dept. of Correction,Medical Services,INTRODUCED,03/03,JFAC Budget Setting,https://legislature.idaho.gov/sessioninfo/rs/,234
,Enhancement,FY27 Enhancement,General Government,Dept. of Administration,Permanent Building Fund,INTRODUCED,03/02,JFAC Budget Setting,https://legislature.idaho.gov/sessioninfo/rs/,235
,Enhancement,FY27 Enhancement,State Board of Education,Career Technical Education,,INTRODUCED,03/02,JFAC Budget Setting,https://legislature.idaho.gov/sessioninfo/rs/,236
,Enhancement,FY27 Enhancement,State Board of Education,College & Universities,,INTRODUCED,03/02,JFAC Budget Setting,https://legislature.idaho.gov/sessioninfo/rs/,237
,Enhancement,FY27 Enhancement,State Board of Education,Community Colleges,,INTRODUCED,03/02,JFAC Budget Setting,https://legislature.idaho.gov/sessioninfo/rs/,238
,Enhancement,FY27 Enhancement,State Board of Education,Health Education Programs,,INTRODUCED,03/02,JFAC Budget Setting,https://legislature.idaho.gov/sessioninfo/rs/,239
,Enhancement,FY27 Enhancement,State Board of Education,Office of the State Board of Education,,INTRODUCED,03/02,JFAC Budget Setting,https://legislature.idaho.gov/sessioninfo/rs/,240
S1381,Senate Bill 1381,FY27 Enhancement,Economic Development,Dept. of Self-Governing Agencies,State Lottery,PASSED,04/09,LAW+,https://legislature.idaho.gov/sessioninfo/2026/legislation/S1381/,241
,Supplemental,FY26 Supplemental,State Board of Education,Career Technical Education,,INTRODUCED,03/02,JFAC Budget Setting,https://legislature.idaho.gov/sessioninfo/rs/,242
,Enhancement,FY27 Enhancement,General Government,Dept. of Revenue & Taxation,State Tax Comm.,INTRODUCED,02/27,JFAC Budget Setting,https://legislature.idaho.gov/sessioninfo/rs/,243
,Enhancement,FY27 Enhancement,General Government,Office of the Governor,Office of Information Technology Services,INTRODUCED,02/27,JFAC Budget Setting,https://legislature.idaho.gov/sessioninfo/rs/,244
S1382,Senate Bill 1382,FY27 Enhancement,Natural Resources,Dept. of Fish & Game,,FAILED,04/09,H FAILED,https://legislature.idaho.gov/sessioninfo/2026/legislation/S1382/,245
S1384,Senate Bill 1384,FY27 Enhancement,Economic Development,Public Utilities Comm.,,PASSED,04/09,LAW+,https://legislature.idaho.gov/sessioninfo/2026/legislation/S1384/,246
S1385,Senate Bill 1385,FY27 Enhancement,Economic Development,Industrial Comm.,,PASSED,04/09,LAW+,https://legislature.idaho.gov/sessioninfo/2026/legislation/S1385/,247
,Supplemental,FY26 Supplemental,General Government,Office of the Governor,Office of Information Technology Services,INTRODUCED,02/27,JFAC Budget Setting,https://legislature.idaho.gov/sessioninfo/rs/,248
,Enhancement,FY27 Enhancement,General Government,Office of the Governor,Comm. for the Blind & Visually Impaired,INTRODUCED,02/20,JFAC Budget Setting,https://legislature.idaho.gov/sessioninfo/rs/,249
,Enhancement,FY27 Enhancement,General Government,Office of the Governor,Public Employee Retirement System,INTRODUCED,02/20,JFAC Budget Setting,https://legislature.idaho.gov/sessioninfo/rs/,250
,Enhancement,FY27 Enhancement,State Board of Education,Vocational Rehabilitation,,INTRODUCED,02/20,JFAC Budget Setting,https://legislature.idaho.gov/sessioninfo/rs/,251
S1383,Senate Bill 1383,FY27 Enhancement,Economic Development,Dept. of Self-Governing Agencies,Div. of Veterans Services,PASSED,04/09,LAW+,https://legislature.idaho.gov/sessioninfo/2026/legislation/S1383/,252
,Supplemental,FY26 Supplemental,General Government,Dept. of Revenue & Taxation,State Tax Comm.,INTRODUCED,02/20,FY26 Federal Tax Conformity,https://legislature.idaho.gov/sessioninfo/rs/,253
,Supplemental,FY26 Supplemental,General Government,Office of the Governor,Military Div.,INTRODUCED,02/20,FY 26 Deficiency Warrants,https://legislature.idaho.gov/sessioninfo/rs/,254
,Constitutional Officers,FY27 Maintenance,Constitutional Officers,,,INTRODUCED,02/13,FY27 maintenance (-5%),https://legislature.idaho.gov/sessioninfo/rs/,255
,Constitutional Officers,FY27 Maintenance,Constitutional Officers,Attorney General,,INTRODUCED,02/13,FY27 reduction (-5%),https://legislature.idaho.gov/sessioninfo/rs/,256
,Constitutional Officers,FY27 Maintenance,Constitutional Officers,Governor,,INTRODUCED,02/13,FY27 reduction (-5%),https://legislature.idaho.gov/sessioninfo/rs/,257
,Constitutional Officers,FY27 Maintenance,Constitutional Officers,Lieutenant Governor,,INTRODUCED,02/13,FY27 reduction (-5%),https://legislature.idaho.gov/sessioninfo/rs/,258
,Constitutional Officers,FY27 Maintenance,Constitutional Officers,Secretary of State,,INTRODUCED,02/13,FY27 reduction (-5%),https://legislature.idaho.gov/sessioninfo/rs/,259
,Constitutional Officers,FY27 Maintenance,Constitutional Officers,State Controller,,INTRODUCED,02/13,FY27 reduction (-5%),https://legislature.idaho.gov/sessioninfo/rs/,260
,Constitutional Officers,FY27 Maintenance,Constitutional Officers,State Treasurer,,INTRODUCED,02/13,FY27 reduction (-5%),https://legislature.idaho.gov/sessioninfo/rs/,261
,Constitutional Officers,FY27 Maintenance,Constitutional Officers,State Treasurer,Millennium Fund,INTRODUCED,02/13,FY27 reduction (-5%),https://legislature.idaho.gov/sessioninfo/rs/,262
,General Government,FY27 Maintenance,General Government,,,INTRODUCED,02/13,FY27 maintenance (-5%),https://legislature.idaho.gov/sessioninfo/rs/,263
,General Government,FY27 Maintenance,General Government,Dept. of Administration,,INTRODUCED,02/13,FY27 reduction (-5%),https://legislature.idaho.gov/sessioninfo/rs/,264
,General Government,FY27 Maintenance,General Government,Dept. of Administration,Capitol Comm.,INTRODUCED,02/13,FY27 reduction (-5%),https://legislature.idaho.gov/sessioninfo/rs/,265
,General Government,FY27 Maintenance,General Government,Dept. of Administration,Permanent Building Fund,INTRODUCED,02/13,FY27 reduction (-5%),https://legislature.idaho.gov/sessioninfo/rs/,266
,General Government,FY27 Maintenance,General Government,Dept. of Revenue & Taxation,Board of Tax Appeals,INTRODUCED,02/13,FY27 reduction (-5%),https://legislature.idaho.gov/sessioninfo/rs/,267
,General Government,FY27 Maintenance,General Government,Dept. of Revenue & Taxation,State Tax Comm.,INTRODUCED,02/13,FY27 reduction (-5%),https://legislature.idaho.gov/sessioninfo/rs/,268
,General Government,FY27 Maintenance,General Government,Office of the Governor,Comm. for the Blind & Visually Impaired,INTRODUCED,02/13,FY27 reduction (-5%),https://legislature.idaho.gov/sessioninfo/rs/,269
,General Government,FY27 Maintenance,General Government,Office of the Governor,Comm. on Aging,INTRODUCED,02/13,FY27 reduction (-5%),https://legislature.idaho.gov/sessioninfo/rs/,270
,General Government,FY27 Maintenance,General Government,Office of the Governor,Comm. on the Arts,INTRODUCED,02/13,FY27 reduction (-5%),https://legislature.idaho.gov/sessioninfo/rs/,271
,General Government,FY27 Maintenance,General Government,Office of the Governor,Div. of Financial Management,INTRODUCED,02/13,FY27 reduction (-5%),https://legislature.idaho.gov/sessioninfo/rs/,272
,General Government,FY27 Maintenance,General Government,Office of the Governor,Div. of Human Resources,INTRODUCED,02/13,FY27 reduction (-5%),https://legislature.idaho.gov/sessioninfo/rs/,273
,General Government,FY27 Maintenance,General Government,Office of the Governor,Military Div.,INTRODUCED,02/13,FY27 reduction (-5%),https://legislature.idaho.gov/sessioninfo/rs/,274
,General Government,FY27 Maintenance,General Government,Office of the Governor,Office of Drug Policy,INTRODUCED,02/13,FY27 reduction (-5%),https://legislature.idaho.gov/sessioninfo/rs/,275
,General Government,FY27 Maintenance,General Government,Office of the Governor,Office of Energy & Mineral Resources,INTRODUCED,02/13,FY27 reduction (-5%),https://legislature.idaho.gov/sessioninfo/rs/,276
,General Government,FY27 Maintenance,General Government,Office of the Governor,Office of Information Technology Services,INTRODUCED,02/13,FY27 reduction (-5%),https://legislature.idaho.gov/sessioninfo/rs/,277
,General Government,FY27 Maintenance,General Government,Office of the Governor,Office of Species Conservation,INTRODUCED,02/13,FY27 reduction (-5%),https://legislature.idaho.gov/sessioninfo/rs/,278
,General Government,FY27 Maintenance,General Government,Office of the Governor,Public Employee Retirement System,INTRODUCED,02/13,FY27 reduction (-5%),https://legislature.idaho.gov/sessioninfo/rs/,279
,General Government,FY27 Maintenance,General Government,Office of the Governor,State Liquor Div.,INTRODUCED,02/13,FY27 reduction (-5%),https://legislature.idaho.gov/sessioninfo/rs/,280
,General Government,FY27 Maintenance,General Government,Office of the Governor,STEM Action Center,INTRODUCED,02/13,FY27 reduction (-5%),https://legislature.idaho.gov/sessioninfo/rs/,281
,General Government,FY27 Maintenance,General Government,Office of the Governor,Wolf Depredation Control Board,INTRODUCED,02/13,FY27 reduction (-5%),https://legislature.idaho.gov/sessioninfo/rs/,282
,General Government,FY27 Maintenance,General Government,Office of the Governor,Workforce Development Council,INTRODUCED,02/13,FY27 reduction (-5%),https://legislature.idaho.gov/sessioninfo/rs/,283
S1362,Senate Bill 1362,FY27 Maintenance,Public Schools,,,TO GOV*,04/09,To Gov*,https://legislature.idaho.gov/sessioninfo/2026/legislation/S1362/,284
S1362,Senate Bill 1362,FY27 Maintenance,Public Schools,Administrators,,TO GOV*,04/09,To Gov*,https://legislature.idaho.gov/sessioninfo/2026/legislation/S1362/,285
S1362,Senate Bill 1362,FY27 Maintenance,Public Schools,Central Services,,TO GOV*,04/09,To Gov*,https://legislature.idaho.gov/sessioninfo/2026/legislation/S1362/,286
S1362,Senate Bill 1362,FY27 Maintenance,Public Schools,Children's Programs,,TO GOV*,04/09,To Gov*,https://legislature.idaho.gov/sessioninfo/2026/legislation/S1362/,287
S1362,Senate Bill 1362,FY27 Maintenance,Public Schools,Facilities,,TO GOV*,04/09,To Gov*,https://legislature.idaho.gov/sessioninfo/2026/legislation/S1362/,288
S1362,Senate Bill 1362,FY27 Maintenance,Public Schools,Idaho Digital Learning Academy,,TO GOV*,04/09,To Gov*,https://legislature.idaho.gov/sessioninfo/2026/legislation/S1362/,289
S1362,Senate Bill 1362,FY27 Maintenance,Public Schools,Operations,,TO GOV*,04/09,To Gov*,https://legislature.idaho.gov/sessioninfo/2026/legislation/S1362/,290
S1362,Senate Bill 1362,FY27 Maintenance,Public Schools,Services for the Deaf & the Blind,,TO GOV*,04/09,To Gov*,https://legislature.idaho.gov/sessioninfo/2026/legislation/S1362/,291
S1362,Senate Bill 1362,FY27 Maintenance,Public Schools,Student Support,,TO GOV*,04/09,To Gov*,https://legislature.idaho.gov/sessioninfo/2026/legislation/S1362/,292
S1362,Senate Bill 1362,FY27 Maintenance,Public Schools,Teachers,,TO GOV*,04/09,To Gov*,https://legislature.idaho.gov/sessioninfo/2026/legislation/S1362/,293
S1363,Senate Bill 1363,FY27 Maintenance,Natural Resources,,,PASSED,04/09,LAW+,https://legislature.idaho.gov/sessioninfo/2026/legislation/S1363/,294
,State Board of Education,FY27 Maintenance,State Board of Education,,,INTRODUCED,02/13,FY27 maintenance (-5%),https://legislature.idaho.gov/sessioninfo/rs/,295
,State Board of Education,FY27 Maintenance,State Board of Education,Agricultural Research & Extension Service,,INTRODUCED,02/13,FY27 reduction (-5%),https://legislature.idaho.gov/sessioninfo/rs/,296
,State Board of Education,FY27 Maintenance,State Board of Education,Career Technical Education,,INTRODUCED,02/13,FY27 reduction (-5%),https://legislature.idaho.gov/sessioninfo/rs/,297
,State Board of Education,FY27 Maintenance,State Board of Education,Charter School Comm.,,INTRODUCED,02/13,FY27 reduction (-5%),https://legislature.idaho.gov/sessioninfo/rs/,298
,State Board of Education,FY27 Maintenance,State Board of Education,College & Universities,,INTRODUCED,02/13,FY27 reduction (-5%),https://legislature.idaho.gov/sessioninfo/rs/,299
,State Board of Education,FY27 Maintenance,State Board of Education,Community Colleges,,INTRODUCED,02/13,FY27 reduction (-5%),https://legislature.idaho.gov/sessioninfo/rs/,300
,State Board of Education,FY27 Maintenance,State Board of Education,Dept. of Education,,INTRODUCED,02/13,FY27 reduction (-5%),https://legislature.idaho.gov/sessioninfo/rs/,301
,State Board of Education,FY27 Maintenance,State Board of Education,Health Education Programs,,INTRODUCED,02/13,FY27 reduction (-5%),https://legislature.idaho.gov/sessioninfo/rs/,302
,State Board of Education,FY27 Maintenance,State Board of Education,Idaho Public Television,,INTRODUCED,02/13,FY27 reduction (-5%),https://legislature.idaho.gov/sessioninfo/rs/,303
,State Board of Education,FY27 Maintenance,State Board of Education,Office of the State Board of Education,,INTRODUCED,02/13,FY27 reduction (-5%),https://legislature.idaho.gov/sessioninfo/rs/,304
,State Board of Education,FY27 Maintenance,State Board of Education,Special Programs,,INTRODUCED,02/13,FY27 reduction (-5%),https://legislature.idaho.gov/sessioninfo/rs/,305
,State Board of Education,FY27 Maintenance,State Board of Education,Vocational Rehabilitation,,INTRODUCED,02/13,FY27 reduction (-5%),https://legislature.idaho.gov/sessioninfo/rs/,306
,,FY27 Enhancement,General Government,Office of the Governor,Workforce Development Council,-,02/10,JFAC Budget Hearing,,307
,,FY27 Enhancement,Public Safety,Dept. of Correction,Community-Based SUDS Treatment,-,01/26,JFAC Budget Hearing,,308
,,FY27 Enhancement,Public Schools,Administrators,,-,01/21,JFAC Budget Hearing,,309
,,FY27 Enhancement,Public Schools,Central Services,,-,01/21,JFAC Budget Hearing,,310
,,FY27 Enhancement,Public Schools,Children's Programs,,-,01/21,JFAC Budget Hearing,,311
,,FY27 Enhancement,Public Schools,Facilities,,-,01/21,JFAC Budget Hearing,,312
,,FY27 Enhancement,Public Schools,Idaho Digital Learning Academy,,-,01/21,JFAC Budget Hearing,,313
,,FY27 Enhancement,Public Schools,Operations,,-,01/21,JFAC Budget Hearing,,314
,,FY27 Enhancement,Public Schools,Student Support,,-,01/21,JFAC Budget Hearing,,315
,,FY27 Enhancement,Public Schools,Teachers,,-,01/21,JFAC Budget Hearing,,316
,,FY27 Enhancement,Constitutional Officers,Governor,,INTRODUCED,,Not Scheduled for Hearing,,317
,,FY27 Enhancement,Constitutional Officers,Lieutenant Governor,,INTRODUCED,,Not Scheduled for Hearing,,318
,,FY27 Enhancement,Constitutional Officers,State Controller,,INTRODUCED,,Not Scheduled for Hearing,,319
,,FY27 Enhancement,Constitutional Officers,State Treasurer,,INTRODUCED,,Not Scheduled for Hearing,,320
,,FY27 Enhancement,Economic Development,Dept. of Commerce,,INTRODUCED,,Not Scheduled for Hearing,,321
,,FY27 Enhancement,Economic Development,Dept. of Finance,,INTRODUCED,,Not Scheduled for Hearing,,322
,,FY27 Enhancement,Economic Development,Dept. of Insurance,,INTRODUCED,,Not Scheduled for Hearing,,323
,,FY27 Enhancement,Economic Development,Dept. of Labor,,INTRODUCED,,Not Scheduled for Hearing,,324
,,FY27 Enhancement,Economic Development,Dept. of Self-Governing Agencies,Comm. for Libraries,INTRODUCED,,Not Scheduled for Hearing,,325
,,FY27 Enhancement,Economic Development,Dept. of Self-Governing Agencies,Comm. on Hispanic Affairs,INTRODUCED,,Not Scheduled for Hearing,,326
,,FY27 Enhancement,Economic Development,Dept. of Self-Governing Agencies,Office of Administrative Hearings,INTRODUCED,,Not Scheduled for Hearing,,327
,,FY27 Enhancement,Economic Development,Dept. of Self-Governing Agencies,Office of Health & Social Services Ombudsman,INTRODUCED,,Not Scheduled for Hearing,,328
,,FY27 Enhancement,Economic Development,Dept. of Self-Governing Agencies,Public Defense Comm.,INTRODUCED,,Not Scheduled for Hearing,,329
,,FY27 Enhancement,Economic Development,Dept. of Self-Governing Agencies,State Appellate Public Defender,INTRODUCED,,Not Scheduled for Hearing,,330
,,FY27 Enhancement,General Government,Dept. of Administration,Capitol Comm.,INTRODUCED,,Not Scheduled for Hearing,,331
,,FY27 Enhancement,General Government,Dept. of Revenue & Taxation,Board of Tax Appeals,INTRODUCED,,Not Scheduled for Hearing,,332
,,FY27 Enhancement,General Government,Office of the Governor,Comm. on the Arts,INTRODUCED,,Not Scheduled for Hearing,,333
,,FY27 Enhancement,General Government,Office of the Governor,Div. of Financial Management,INTRODUCED,,Not Scheduled for Hearing,,334
,,FY27 Enhancement,General Government,Office of the Governor,Div. of Human Resources,INTRODUCED,,Not Scheduled for Hearing,,335
,,FY27 Enhancement,General Government,Office of the Governor,Office of Drug Policy,INTRODUCED,,Not Scheduled for Hearing,,336
,,FY27 Enhancement,General Government,Office of the Governor,STEM Action Center,INTRODUCED,,Not Scheduled for Hearing,,337
,,FY27 Enhancement,General Government,Office of the Governor,Wolf Depredation Control Board,INTRODUCED,,Not Scheduled for Hearing,,338
,,FY27 Enhancement,Health & Human Services,Dept. of Health & Welfare,Licensing & Certification,INTRODUCED,,Not Scheduled for Hearing,,339
,,FY27 Enhancement,Health & Human Services,Dept. of Health & Welfare,Service Integration,INTRODUCED,,Not Scheduled for Hearing,,340
,,FY27 Enhancement,Health & Human Services,Dept. of Health & Welfare,Services for the Developmentally Disabled,INTRODUCED,,Not Scheduled for Hearing,,341
,,FY27 Enhancement,Health & Human Services,State Independent Living Council,,INTRODUCED,,Not Scheduled for Hearing,,342
,,FY27 Enhancement,Judicial Branch,Judicial Council,,INTRODUCED,,Not Scheduled for Hearing,,343
,,FY27 Enhancement,Legislative Branch,Legislative Services Office,,INTRODUCED,,Not Scheduled for Hearing,,344
,,FY27 Enhancement,Legislative Branch,Legislative Technology,,INTRODUCED,,Not Scheduled for Hearing,,345
,,FY27 Enhancement,Legislative Branch,Legislature,,INTRODUCED,,Not Scheduled for Hearing,,346
,,FY27 Enhancement,Legislative Branch,Office of Performance Evaluations,,INTRODUCED,,Not Scheduled for Hearing,,347
,,FY27 Enhancement,Public Safety,Idaho State Police,Racing Comm.,INTRODUCED,,Not Scheduled for Hearing,,348
,,FY27 Enhancement,State Board of Education,Agricultural Research & Extension Service,,INTRODUCED,,Not Scheduled for Hearing,,349
,,FY27 Enhancement,State Board of Education,Charter School Comm.,,INTRODUCED,,Not Scheduled for Hearing,,350
,,FY27 Enhancement,State Board of Education,Idaho Public Television,,INTRODUCED,,Not Scheduled for Hearing,,351
,,FY27 Enhancement,State Board of Education,Special Programs,,INTRODUCED,,Not Scheduled for Hearing,,352
