name,url,username,password,note
,android://47sqH1qEyjrAcj2FQUUPF61XgATkyACO2snkTDz7RZ3THGKlRZ6L78Lu02Vgi6N4N-NbC2GYrMWLxlTNEe0vAQ==@com.zhiliaoapp.musically/,queerbone3@gmail.com,2GREAT4hate!,
lichess.org,https://lichess.org/login,loganfinney27@gmail.com,Saxman27,
secure.soundcloud.com,https://secure.soundcloud.com/web-auth,loganfinney,Saxman27,
,android://A6qEy-6p-sXBV21OZRSjAG3zNgag4aWaFD3k0CqZp0yNB7vRm5nDEF2JtlnqX-mkBy5klESWFbNKsvXRupbHNA==@com.nextdoor/,loganfinney27@gmail.com,bandmember13,
hearthonbroad.securecafe.com,https://hearthonbroad.securecafe.com/onlineleasing/the-cartee-project-llc/register.aspx,loganfinney27@gmail.com,Vandals!208,
accounts.zoho.com,https://accounts.zoho.com/passexp,logan@reinstatedenise.com,Vandals!208,
www.dominos.com,https://www.dominos.com/en/pages/order/,loganfinney27@gmail.com,Vandals!208,
mcclatchy.us.auth0.com,https://mcclatchy.us.auth0.com/login,bruce.reichert@idahoptv.org,tapestry,
,android://BnX9M66KmaqmzgqWgQxmbrJB_wO0ST53-DUZCnxDdLwf4JAsUtM2kKGudjeBclJFUquAP2JTpypk9qobA6PGMA==@com.discord/,2086279028,Vandals!208,
app.moviepass.com,https://app.moviepass.com/password/reset,loganfinney27@gmail.com,Vandals!208,
registration.timewarnercable.com,https://registration.timewarnercable.com/,gilbertogonzalez06@gmail.com,Logert0425,
verity.myresman.com,https://verity.myresman.com/Portal/Access/ApplicantRegistration,loganfinney27,vandals208,
member.chime.com,https://member.chime.com/member/sign_in,loganfinney27@gmail.com,Tr!befromtheN0rth,
accounts.google.com,https://accounts.google.com/ServiceLogin,loganfinney27@gmail.com,Tr!befromtheN0rth,
app.oatsovernight.com,https://app.oatsovernight.com/login,loganfinney27@gmail.com,Saxman27,
www.reddit.com,https://www.reddit.com/register,loganfinney27,Saxman27,
github.com,https://github.com/signup,loganfinney27,Tr!befromtheN0rth,
idp.uhcsr.com,https://idp.uhcsr.com/core/login,finn9028,Saxman27,
app.propertyware.com,https://app.propertyware.com/pw/application/,loganfinney27@gmail.com,Vandals!208,
prezi.com,https://prezi.com/login/,cfinney@imaxmail.net,prezi,
www.biglots.com,https://www.biglots.com/account/passwordReset.jsp,loganfinney27@gmail.com,Vandals!208,
,android://R6QtGMeyEeMz--k6-8ZvN6yEwD48-GzP4fgj-XCIa0vcv8L-r-6bjvl3k7iWZvjco7oa0XoNWAGcz5Y4TTqkHg==@com.whova.event/,Idaho Public Television ,vandals208,
www.crowdpac.com,https://www.crowdpac.com/contribute/thank-you/5c749e98a5fe5c751530c277,loganfinney27@gmail.com,bandmember13,
help.uidaho.edu,https://help.uidaho.edu/Frames/Login.asp,finn9028,TribefromtheN0rth,
,android://Jzj5T2E45Hb33D-lk-EHZVCrb7a064dEicTwrTYQYGXO99JqE2YERhbMP1qLogwJiy87OsBzC09Gk094Z-U_hg==@com.netflix.mediaclient/,2087407547,FuckNetflix!,
www.upstart.com,https://www.upstart.com/funding_form,logan.finney27@gmail.com,Tr!befromtheN0rth,
www.mrhankeystoys.com,https://www.mrhankeystoys.com/signup,queerboned@gmail.com,buttstuff420,
login.libsyn.com,https://login.libsyn.com/,logan.finney@idahoptv.org,DialoguePod1455*,
ideq.zoom.us,https://ideq.zoom.us/signin,logan.finney@idahoptv.org,Saxman27,
freesound.org,https://freesound.org/home/login/,loganfinney27@gmail.com,Saxman27,
na.account.amazon.com,https://na.account.amazon.com/ap/signin,loganfinney27@gmail.com,Saxman27,
steamcommunity.com,https://steamcommunity.com/openid/loginform/,LFIdaho,TribefromtheN0rth,
mychart.slhs.org,https://mychart.slhs.org/MyChart/accesscheck.asp,loganfinney27,Vandals!208,
www.gobrik.com,https://www.gobrik.com/,loganfinney27@gmail.com,Tr!befromtheN0rth,
depositphotos.com,https://depositphotos.com/,idahoptv,Ph0t05,
odysseyidentityprovider.tylerhost.net,https://odysseyidentityprovider.tylerhost.net/Tyler.IDP/Configuration/Account/Register/0z1Q8ExXywOWKhSyXxb4bw2,logan.finney@idahoptv.org,Tr!befromtheN0rth,
secure.usac.edu,https://secure.usac.edu/login.aspx,finn9028@vandals.uidaho.edu,vandals208,
www.abcstamp.com,https://www.abcstamp.com/checkout_login.aspx,logan.finney@idahoptv.org,vandals208,
login.microsoftonline.com,https://login.microsoftonline.com/7ebc6b63-5792-4a19-b20b-04b826048853/saml2,finn9028@vandals.uidaho.edu,TribefromtheN0rth,
,android://pBowWSLvFMHp-Qulwesr2bSrcr9vsiPPhGed3xcXj5ZNJccRGvbP7pPFSqeoQ8NHooDFe29iIWzU_fETWE2UpQ==@com.linkedin.android/,loganfinney27@gmail.com,Vandals!208,
musescore.com,https://musescore.com/user/register,loganfinney27@gmail.com,bandmember13,
,android://wbgcv7EKOzTXhlE3kpI4bLWB_s8aYJwE0pjyjAcvYC2o209SD5omp927YZsRGoDR9PeS8O73XMIksQvpMUHGAw==@com.calm.android/,loganfinney.27@gmail.com,bandmember13,
www.collegeboard.org,https://www.collegeboard.org/,loganfinney,password1,
www.mapmyfitness.com,https://www.mapmyfitness.com/auth/login/,loganfinney27@gmail.com,Saxman27,
www.tiktok.com,https://www.tiktok.com/foryou,loganfinney27@gmail.com,Vandals!208,
www.pmja.org,https://www.pmja.org/create-account,logan.finney@idahoptv.org,Vandals!208,
discord.com,https://discord.com/channels/793559958188851251/847497699292086282,loganfinney27,Vandals!208,
www.calm.com,https://www.calm.com/login,loganfinney27@gmail.com,bandmember13,
sts.uidaho.edu,https://sts.uidaho.edu/adfs/ls/,AD\finn9028,TribefromtheN0rth,
dlweb.parkmobile.us,https://dlweb.parkmobile.us/phonixx/t.aspx,,Vandals!208,
e5.onthehub.com,https://e5.onthehub.com/WebStore/Security/Signin.aspx,finney.logan@lposd.org,dreamspark,
blueskyfeedcreator.com,https://blueskyfeedcreator.com/login,loganfinney27@gmail.com,Vandals!208,
basil.peopleanswers.com,https://basil.peopleanswers.com/pa-testing-web/registration/registration,finn9028@vandals.uidaho.edu,vandals208,
redcard.iww.org,https://redcard.iww.org/node/59,cubone208,Vandals!208,
twitter.com,https://twitter.com/oauth/authorize,queerboned,buttstuff420,
members.bcidaho.com,https://members.bcidaho.com/my.policy,loganfinney27@gmail.com,bandmember13,
,android://1K2EKeCHsQkP9EiStYSDN2VAiQEsFPyYUHMXbAJl1OhcRlxyWEciDK1XG9X0Kbu-hMhw_baFPTK6cXLTpVzB5w==@com.participantmobileapp/,LOGANFINNEY27,Vandals!208,
mobile.twitter.com,https://mobile.twitter.com/,IdahoReposts,$pudc0untry,
idahosp.govqa.us,https://idahosp.govqa.us/WEBAPP/_rs/(S(hvbmcbwhetllvmsd4cgr1wxu))/ChangePassword.aspx,logan.finney@idahoptv.org,bandmember13,
builder.guidebook.com,https://builder.guidebook.com/,logan.finney@idahoptv.org,$pudc0untry,
www.tiktok.com,https://www.tiktok.com/foryou,idahomosexual,Vandals!208,
www.instagram.com,https://www.instagram.com/accounts/emailsignup/,createidahoptv,C00ki3monster,
account.apps.progressive.com,https://account.apps.progressive.com/access/login,2086279028,Tr!befromtheN0rth,
www.life360.com,https://www.life360.com/tile-reset-password,,Vandals!208,
worldofwonder.vhx.tv,https://worldofwonder.vhx.tv/buy/subscription,loganfinney27@gmail.com,bandmember13,
identity.flickr.com,https://identity.flickr.com/login,loganfinney27@gmail.com,0neBillionDollar$,
redistricting.idaho.gov,https://redistricting.idaho.gov/redistapp/FrontDesk.aspx,loganfinney27,bandmember13,
smile.amazon.com,https://smile.amazon.com/,loganfinney27@gmail.com,Saxman27,
wordpress.com,https://wordpress.com/log-in,loganfinney,vandals208,
mypersi.idaho.gov,https://mypersi.idaho.gov/MemberPortal/Account/Login,loganfinney27@gmail.com,Vandals!208,
start.rugiet.com,https://start.rugiet.com/signup,queerboned@gmail.com,buttstuff420,
toppedtoys.com,https://toppedtoys.com/account/register,loganfinney27@gmail.com,buttstuff420,
www.specialized.com,https://www.specialized.com/us/en/account/pw/reset/change,,Vandals!208,
nomnom-production.jacksons.com,https://nomnom-production.jacksons.com/,2086279028,Vandals!208,
dave.com,https://dave.com/register,loganfinney27@gmail.com,0neBillionDollar$,
miro.com,https://miro.com/signup/,logan.finney@idahoptv.org,vandals208,
app.parkmobile.io,https://app.parkmobile.io/login,loganfinney27@gmail.com,bandmember13,
www.doublescorpio.com,https://www.doublescorpio.com/checkout/,loganfinney27@gmail.com,bandmember13,
nomnom-production.jacksons.com,https://nomnom-production.jacksons.com/,loganfinney27@gmail.com,Vandals!208,
www.jacobinmag.com,https://www.jacobinmag.com/store/checkout,loganfinney27@gmail.com,buttstuff0425,
www.academia.edu,https://www.academia.edu/2093161/Queer_Wordplay_Language_and_Laughter_in_the_Boys_of_Boise_Morals_Panic,logan.finney@idahoptv.org,Saxman27,
hub.pbs.org,https://hub.pbs.org/account/register,logan.finney@idahoptv.org,Tr!befromtheN0rth,
www.lovehoney.com,https://www.lovehoney.com/your-account/create.html,Finney,vandals208,
,android://_zq88-ALZv6g4Cnqfv_bSemrTdfKnD_5nBiDRph3liM1z15GZdENSt1XwUfdCOVBad0kfPc4Ne4Osu4JFa8C0g==@com.irobot.home/,loganfinney27@gmail.com,Tr!befromtheN0rth,
ffister.com,https://ffister.com/,loganfinney27@gmail.com,bandmember13,
reg.usps.com,https://reg.usps.com/portal/register,loganfinney27,Vandals!208,
accounts.google.com,https://accounts.google.com/AddSession,finney.logan@lposd.org,bpzn132a,
onlineaccess.edwardjones.com,https://onlineaccess.edwardjones.com/app/oa-login,loganfinney27,Tr!befromtheN0rth,
stationexchange.pbs.org,https://stationexchange.pbs.org/otmm/ux-html/exchange/,logan.finney@idahoptv.org,Tr!befromtheN0rth,
syringa.social,https://syringa.social/auth/sign_up,loganfinney27@gmail.com,Tr!befromtheN0rth,
jacobinmag.com,https://jacobinmag.com/subscribe/,loganfinney27@gmail.com,buttstuff0425,
twitter.com,https://twitter.com/account/add,lfinneytweets,vandals208,
www.paramountplus.com,https://www.paramountplus.com/account/signin/,loganfinney27@gmail.com,Vandals!208,
sej.memberclicks.net,https://sej.memberclicks.net/sej2023registration,logan.finney@idahoptv.org,bandmember13,
www.bestwestern.com,https://www.bestwestern.com/en_US/best-western-rewards.html,loganfinney27@gmail.com,Vandals!208,
,android://0mxF7gRbL1Erv-6PlnR82jAP6lGaonT58okn_6fDdiqJuSFgX4aVoIyNFwhPQzm2smYltWO3qwuGjil466nBIQ==@com.disney.disneyplus/,loganfinney27@gmail.com,Vandals!208,
genius.com,http://genius.com/,loganfinney27@gmail.com,Saxman27,
,android://qbMQCZh-CU_SBn04UFat_bLMSicoFKWYI0MzXmOdBklD5gJcvH42kD8GXA5lvZmtq1ON0Dd8FAT6SLUIlwNUqA==@com.instagram.android/,idahoptv,Bigbird2023!,
www.arcgis.com,https://www.arcgis.com/sharing/oauth2/authorize,lfinney_idptv,Tr!befromtheN0rth,
sts.uidaho.edu,https://sts.uidaho.edu/,finn9028@vandals.uidaho.edu,Cow+hemp+window,
altos2019vmb.slack.com,https://altos2019vmb.slack.com/,loganfinney27@gmail.com,bandmember13,
login.amtrak.com,https://login.amtrak.com/amtrakb2c.onmicrosoft.com/B2C_1A_MobileApp_Signin_LMTK/api/CombinedSigninAndSignup/unified,loganfinney27@gmail.com,0neBillionDollar$,
troyroademployee.slack.com,https://troyroademployee.slack.com/,loganfinney27@gmail.com,vandals208,
altos2019vmb.slack.com,https://altos2019vmb.slack.com/,finn9028@vandals.uidaho.edu,bandmember13,
,android://zQxb6hXv1MJiC1Yyotdhi8HP-y7fwPcOLwPOWTwWKpP2VXcbsuIiI4iJ1KV0Dz3LzVsUuKJmYCBIUAxnsPB9FA==@com.facebook.orca/,loganfinney27@gmail.com,Vandals!208,
pacer.psc.uscourts.gov,https://pacer.psc.uscourts.gov/pscof/registration.jsf,loganfinney,Tr!befromtheN0rth,
crytivo.com,https://crytivo.com/,loganfinney27@gmail.com,vandals208,
back40.guide,https://back40.guide/eco_login.php,csww141544,north40123,
registration.mypearson.com,https://registration.mypearson.com/,finn9028@vandals.uidaho.edu,Bandmember13,
www.studyblue.com,https://www.studyblue.com/,finney.logan@lposd.org,bpzn132a,
rewards.cslplasma.com,https://rewards.cslplasma.com/register/settingpassword,,Vandals!208,
scripps.wd5.myworkdayjobs.com,https://scripps.wd5.myworkdayjobs.com/en-US/Scripps_Careers/job/Boise-ID---KIVI/Multimedia-Journalist_JR022445-1/apply,loganfinney27@gmail.com,Vandals!208,
mypersi401k.empower-retirement.com,https://mypersi401k.empower-retirement.com/participant/,loganfinney27,Vandals!208,
,android://XoPAyyaB41CjXhvsLbPNhAPcT0QPHmW18vJxFicYCk16BCy6S9ydRoXKVNXX-7CXIPZXplohQFRLiwrRd8BNVA==@cn.fitdays.fitdays/,loganfinney27@gmail.com,vandals208,
vip.idaholottery.com,https://vip.idaholottery.com/Users/Account/LogOn,loganfinney27@gmail.com,Vandals!208,
app.thestorygraph.com,https://app.thestorygraph.com/,loganfinney27@gmail.com,Tr!befromtheN0rth,
my.foxnews.com,https://my.foxnews.com/v2/,logan.finney@idahoptv.org,ABC12345xyz,
authory.com,https://authory.com/signup,loganfinney27@gmail.com,vandals208,
auth.services.adobe.com,https://auth.services.adobe.com/en_US/index.html,loganfinney27@gmail.com,Tr!befromtheN0rth,
www.ups.com,https://www.ups.com/lasso/linkAccounts,loganfinney27,Vandals!208,
huckberry.com,https://huckberry.com/user/user/password/edit,,bandmember13,
secure2.store.apple.com,https://secure2.store.apple.com/shop/sign_in,lfinney@imaxmail.net,Lafmusic!27,
nextdoor.com,https://nextdoor.com/login/,loganfinney27@gmail.com,bandmember13,
trynood.com,https://trynood.com/account/reset/8762900873466/efd2e6a89c76a2d7f071e8436969f572-1764398818,,vandals208,
manager.submittable.com,https://manager.submittable.com/login,loganfinney27@gmail.com,Vandals!208,
orders.modpizza.com,https://orders.modpizza.com/checkout,loganfinney27@gmail.com,Vandals!208,
www.britishpathe.com,https://www.britishpathe.com/basket,logan.finney@idahoptv.org,bandmember13,
www.idahodc.com,https://www.idahodc.com/iApp/rsc/establishUserUsernamePassword.x,loganfinney27,Vandals!208,
,android://UrxnUwEaIwpa8HHM9uOeWHs6Ad0dOo7VoAR-Hv5cj4dKa2ItvS92D0kiKhTUVaN-eaF4CdWTfX7iVXD9NFz2Tw==@com.thecut.mobile.android.thecut/,loganfinney27@gmail.com,Saxman27,
www.ticketmaster.com,https://www.ticketmaster.com/checkout/order,loganfinney27@gmail.com,Tr!befromtheN0rth,
www.sofi.com,https://www.sofi.com/signup/r/,,Vandals!208,
www.journalismjobs.com,https://www.journalismjobs.com/login_job_notification,loganfinney27@gmail.com,bandmember13,
mountaingazette.com,https://mountaingazette.com/account/reset/6682127794265/535d7e32b62ed6e3446e206653dbba5f-1713886383,loganfinney27@gmail.com,Vandals!208,
accounts.nintendo.com,https://accounts.nintendo.com/login,izzyy12,Img2012!,
www.linkedin.com,https://www.linkedin.com/uas/oauth2/authorization,loganfinney27@gmail.com,Vandals!208,
,android://fX0gZnlDgPKDT9YYfAgBCiuCHKW4UuFwpAikIxdTB0jw3y1-B1jkN_mQdxWf1dMQG4GZ4TSGI8BdDfjP4KK8TA==@com.cslplasma.cslplasmadonorapplication/,(208) 627-9028,Vandals!208,
bookshop.org,https://bookshop.org/login,loganfinney27@gmail.com,bandmember13,
,android://e6mieSP-70easMOOVYqeEKnnsr5zA1pAwmLQi_N2q8eiij2v-_choGdRNVq2n1qDCJQOxDAom0lGumcfi5QlSQ==@com.grootersproductions.challenge/,loganfinney27@gmail.com,Saxman27,
amp.pandora.com,https://amp.pandora.com/login,loganfinney27@gmail.com,LOGFIN,
login.planetfitness.com,https://login.planetfitness.com/login,loganfinney27@gmail.com,Vandals!208,
www.orvis.com,https://www.orvis.com/store/mbrAccount.aspx,loganfinney27@gmail.com,Saxman27,
ketocycle.diet,https://ketocycle.diet/215/password/bc07d7ba31e4cbf78feb9bd6589f354e,loganfinney27@gmail.com,Saxman27,
login.acorns.com,https://login.acorns.com/session/new,loganfinney27@gmail.com,vandals208,
www.amazon.com,https://www.amazon.com/ap/signin,loganfinney27@gmail.com,Saxman27,
www.stitchfix.com,https://www.stitchfix.com/login,loganfinney27@gmail.com,vandals208,
accounts.nike.com,https://accounts.nike.com/lookup,loganfinney27@gmail.com,Vandals!208,
thestickybrand.com,https://thestickybrand.com/account/activate/8839335837952/200a5544e928781542a4d305b0ccea88-1765403076,,vandals208,
id.ups.com,https://id.ups.com/u/login/password,loganfinney27@gmail.com,0neBillionDollar$,
www.uidaho.edu,https://www.uidaho.edu/infrastructure/facilities/aes/drawing-archives/security,finn9028,TribefromtheN0rth,
idaho-reports.monday.com,https://idaho-reports.monday.com/auth/login_monday/email_password,logan.finney@idahoptv.org,$pudc0untry,
spaces.hightail.com,https://spaces.hightail.com/login,files@idahoptv.org,priestlake,
www.creditkarma.com,https://www.creditkarma.com/signup,loganfinney27@gmail.com,Tr!befromtheN0rth,
login.myid.care,https://login.myid.care/nidp/saml2/sso,loganfinney27,Tr!befromtheN0rth,
studentaid.gov,https://studentaid.gov/fsa-id/sign-in/landing,finn9028,0neBillionDollar$,
identity.nationalgeographic.org,https://identity.nationalgeographic.org/login,loganfinney27@gmail.com,Vandals!208,
genius.com,https://genius.com/,loganfinney27@gmail.com,Saxman27,
account.regence.com,https://account.regence.com/auth/registration,loganfinney27,Tr!befromtheN0rth,
dutchie.com,https://dutchie.com/checkout,loganfinney27@gmail.com,bandmember13,
secure.lmtribune.com:8443,https://secure.lmtribune.com:8443/ss70v2/lewisn04/common/template.jsp,uiboise,garbldg,
,android://dE0705toF3iTbKTIFfTzkGu98TqYtjAvIkGFgk8oE4gXNoOPR0ldykCT110i79OW0xikCB9-YwcLAMeZulVdcA==@com.what3words.android/,loganfinney27@gmail.com,bandmember13,
vandalweb.uidaho.edu,https://vandalweb.uidaho.edu/PROD/twbkwbis.P_WWWLogin,finn9028,TribefromtheN0rth,
www.pinterest.com,https://www.pinterest.com/login/,lfinney@imaxmail.net,pinterest,
fsastore.com,https://fsastore.com/cart,loganfinney27@gmail.com,0neBillionDollar$,
spectrumwifi.spectrum.net,https://spectrumwifi.spectrum.net/main,gilbertogonzalez06@gmail.com,Logert0425,
www.rocketlawyer.com,https://www.rocketlawyer.com/login-register.rl,loganfinney27@gmail.com,Vandals!208,
bsky.app,https://bsky.app/profile/loganfinney.com,loganfinney.com,Vandals!208,
ident.familysearch.org,https://ident.familysearch.org/cis-web/oauth2/v3/authorization,loganfinney,vandals208,
account.box.com,https://account.box.com/,loganfinney27@gmail.com,Tr!befromtheN0rth,
pp-wfe-100.advancedmd.com,https://pp-wfe-100.advancedmd.com/157609/account/logon,loganfinney27@gmail.com,Vandals!208,Live Well Psychiatry
,android://0mxF7gRbL1Erv-6PlnR82jAP6lGaonT58okn_6fDdiqJuSFgX4aVoIyNFwhPQzm2smYltWO3qwuGjil466nBIQ==@com.disney.disneyplus/,gilbertogonzalez06@gmail.com,FuckDisney! ,
www.sinfonia.org,https://www.sinfonia.org/wp-login.php,finn9028@vandals.uidaho.edu,vandals208,
www.idahoenvironmentalforum.org,https://www.idahoenvironmentalforum.org/Sys/Password/Change,logan.finney@idahoptv.org,Tr!befromtheN0rth,
en.m.wikipedia.org,https://en.m.wikipedia.org/w/index.php,bandmember13,Tr!befromtheN0rth,
www.ubersense.com,http://www.ubersense.com/signup,Logan Finney,Saxman27,
www.asspig.com,https://www.asspig.com/,loganfinney27@gmail.com,buttstuff420,
www.the-franklin.com,https://www.the-franklin.com/Apartments/module/application_authentication/http_referer/www.the-franklin.com/popup/false/kill_session/1/property[id]/%201284723/property_floorplan[id]/821204/unit_space[id]/4649472/show_in_popup/false/from_check_availability/1/term_month/12/selected_occupancy_type[id]/1/,loganfinney27@gmail.com,bandmember13,
,android://fZG3j10tG8Aj2YQattMXkaFE5NpFj6YIZoWkZMiLNpJRdXoI4itO9xmfZVheHJr6W6g1LNKsgtHD6pTHCHpUNw==@com.infonow.bofa/,loganfinney27,Vandals208,
,android://QWpT9j8D-qiKymJckQLb91r33PPwXf9CwR_BUjGGX09CLmi5ymEZ_wOva_Zhh625MEqRy0J49Odwgjky5lB3UA==@com.collegehumor.chdropout/,gilbertogonzalez06@gmail.com,DufU57V7aa2e85T,
www.docproducers.org,https://www.docproducers.org/set-new-password,loganfinney27@gmail.com,F1rst@mendment,
www.familysearch.org,https://www.familysearch.org/recover/find-my-account/reset-password,loganfinney,vandals208,
public.tableau.com,https://public.tableau.com/s/,logan.finney@idahoptv.org,Vandals!208,
goodblock.gladly.io,https://goodblock.gladly.io/app/account/signup/,loganfinney27@gmail.com,bandmember13,
,android://d83QBGRN5FhBqrie9nkVRQKFh_dZMVLeZcFA1YCOzX8r-4cr6BOfWRGV8XWnLIiUXQ7BuoC8P5hm1_XMRec8AQ==@com.airbnb.android/,loganfinney27@gmail.com,,
app.findigs.com,https://app.findigs.com/apply/unitid=cada78fe-4078-4a99-bf3a-c4693ac62c00,loganfinney27@gmail.com,Saxman27,
,android://WnT8cdHK76i-lNtlzMGM3_p1C1f4cW3u6iZ7Z37puQBeiB1i6qBG1rqDlmWXB_j0c9Ptg52wNblkooKuuVDqJQ==@com.cbs.app/,loganfinney27@gmail.com,bandmember13,
journa.host,https://journa.host/invite/gcn7iFB8,loganfinney27@gmail.com,Tr!befromtheN0rth,
login.microsoftonline.com,https://login.microsoftonline.com/common/oauth2/authorize,finn9028@alumni.uidaho.edu,Jo3V@ndal,
myaccount.nytimes.com,https://myaccount.nytimes.com/auth/login,jch@idahoptv.org,Priest Lake,
www.ire.org,https://www.ire.org/login/,logan.finney@idahoptv.org,Vandals!208,
id.subway.com,https://id.subway.com/02d64b66-5494-461d-8e0d-5c72dc1efa7f/B2C_1A_signup_signin-r2/api/CombinedSigninAndSignup/unified,loganfinney27@gmail.com,Vandals!208,
www.governmentjobs.com,https://www.governmentjobs.com/careers/idaho/user/RecoverUserNameSubmit,loganfinney27,Vandals!208,
www.goodreads.com,https://www.goodreads.com/,loganfinney27@gmail.com,0neBillionDollar$,
help.steampowered.com,https://help.steampowered.com/en/wizard/HelpWithLoginInfoReset/,LFIdaho,TribefromtheN0rth,
tools.idahopower.com,https://tools.idahopower.com/MyAccount/Registration/SetSignIn,loganfinney27@gmail.com,TribefromtheN0rth,
villasportfitness.perkville.com,https://villasportfitness.perkville.com/,loganfinney27@gmail.com,Vandals208,
www.walmart.com,https://www.walmart.com/account/login,loganfinney27@gmail.com,bandmember13,
pac.ebonnerlibrary.org:8081,http://pac.ebonnerlibrary.org:8081/,P000030483,9224,
catalog.idaho-lynx.org,https://catalog.idaho-lynx.org/polaris/logon.aspx,21150008891515,9028,
aims.parking.uidaho.edu,https://aims.parking.uidaho.edu/permit.php,finn9028,TribefromtheN0rth,
jacobin.com,https://jacobin.com/about,loganfinney27@gmail.com,buttstuff0425,
trello.com,https://trello.com/login,loganfinney27@gmail.com,bandmember13,
login.live.com,https://login.live.com/oauth20_remoteconnect.srf,+1 208-627-9028,TribefromtheN0rth,
www.threads.net,https://www.threads.net/login,loganfinney27,Vandals!208,
nppa.org,https://nppa.org/auth,loganfinney,vandals208,
,android://blTJZP9SUpSrwVH6dOhFnr1EsGHOMosRaEV0XqVvaqVct4uU3R8NEcQUIN6QSTaJXSM0IztXsnaL-dAoqN4yKQ==@com.ancestry.android.apps.ancestry/,loganfinney27@gmail.com,23ttyhz,
,android://ShfPEdnTILium9Q5YMDaz4YI40Ybh_zZr1i0jAmELV9DmKX8eSXBc_uSsQMlfRclYHBKI24L6xyhBEVdrQWEzQ==@com.publicstorage.officialapp/,loganfinney27,Vandals!208,
tweetdeck.twitter.com,https://tweetdeck.twitter.com/settings/your_twitter_data/account,lfinneytweets,vandals208,
www.planetfitness.com,https://www.planetfitness.com/signup,loganfinney27@gmail.com,Vandals!208,
login.publicmediasignin.org,https://login.publicmediasignin.org/f29e2df8-7cf0-4741-939b-dc9e9555f527/auth-ui/v2/login,logan.finney@idahoptv.org,Tr!befromtheN0rth,
mycw3.eclinicalweb.com,https://mycw3.eclinicalweb.com/phmg/jsp/jspnew/template.jsp,,Vandals!208,
www.ancestry.com,https://www.ancestry.com/,loganfinney27@gmail.com,23ttyhz,
www.instagram.com,https://www.instagram.com/dialogueidahoptv/,dialogueiptv,Dialogue1455*,
account.idahostatesman.com,https://account.idahostatesman.com/signin,bruce.reichert@idahoptv.org,tapestry,
www.oatsovernight.com,https://www.oatsovernight.com/account/login,loganfinney27@gmail.com,Saxman27,
,android://dKranQB7c5H2WKHJF5rygyRh5-vrf7ZVODNX_XoJgJ5YncxgwK7vbH1kZrYCLmv68MEawe5nFA-sfKQk9mrbFQ==@tv.twitch.android.app/,loganfinney,Vandals!208,
spaces.hightail.com,https://spaces.hightail.com/login,logan.finney@idahoptv.org,Vandals!208,
,android://nIG0C0CImN2sdSp87YS-xfgAOCI3aeGEyWYjSyZpVIvwOABmtHsumwOk4iS-FceARE4JmCUxny07rrc1DnyUyA==@xyz.blueskyweb.app/,idahoreports,EstoPerpetua!1890,
,android://ZgCkR2eWwUvwKLzJgHINReCbn0Y1KgjyYXZ5U5UQI7B9TZ0OuLHlFWJn3uJkkt0cIUB-aFkwECiPc-eSkO88AA==@com.thetileapp.tile/,loganfinney27@gmail.com,bandmember13,
partners.stitcher.com,https://partners.stitcher.com/join,logan.finney@idahoptv.org,IdahoPTV2020.,
,android://01LuvsqHOtza3WwUaajt8DXs6EEZJ7SLf3lwlSIdzuZjCnwEuThYaPCaJN2gCZwd5C9szHsnHXNs0pwbTHIKSQ==@com.flickr.android/,loganfinney27@gmail.com,0neBillionDollar$,
,android://fcB4Me20ml8CgwudIjLN6ixLHqPlyumKMrK_Zz8GCYC5fmYDSmJHbJ8knOCWcKXCSb2D_bohQVSXATY7iPiG2A==@com.tapingo/,loganfinney27@gmail.com,vandals208,
v3.dutchie.com,https://v3.dutchie.com/embedded-menu/weedology1/checkout,loganfinney27@gmail.com,bandmember13,
,android://CMdiFKxpz_3_d0ltGFOTJ5rpZja6VAO3VmYNfnXXginnsI9lDgyJnEzgimkehVNP1cvWCsmeyQRR4lDh41dP0A==@com.t101.android3.recon/,queerboned@gmail.com,buttstuff420,
www.tabforacause.org,http://www.tabforacause.org/accounts/login/,loganfinney27@gmail.com,Saxman27,
www.harrys.com,https://www.harrys.com/en/us/trial/build,loganfinney27@gmail.com,vandals208,
lso.legislature.idaho.gov,https://lso.legislature.idaho.gov/MyBillTracker/Registration_input.do,finn9028@vandals.uidaho.edu,Saxman27,
justfor.fans,https://justfor.fans/modelregister,queerboned@gmail.com,buttstuff420,
genius.com,http://genius.com/3026696/F-scott-fitzgerald-the-great-gatsby-chapter-iv/Hes-a-smart-man,loganfinney27@gmail.com,Saxman27,
pbs-org.domo.com,https://pbs-org.domo.com/auth/index,domo.station+idtv@gmail.com,idtv_domo_33,
www.instagram.com,https://www.instagram.com/,idahoreports,Idahoreports2023!,
,android://Z24f0jL__ja_nwYvpjnLoJ4jcm27LPfqo-DBnsvn_G1r0bGCTkRCCuHCphM0v7L1Kjt0JeZP58RLm02CWJf1kA==@com.laser2mail.uhcsrmobile/,finn9028,vandals208,
accounts.moneylion.com,https://accounts.moneylion.com/signin,loganfinney27@gmail.com,Vandals!208,
,android://sXvgwDTeXhgQOpJqiGispuKVwNGLi-JktRT6yajJ50YK7TK-erNrRyi2n8iYhglehWlpQA3jlU3z-vxhCSJ9dw==@tv.vhx.worldofwonder/,loganfinney27@gmail.com,bandmember13,
discord.com,https://discord.com/login,loganfinney27@gmail.com,Vandals!208,
justfor.fans,https://justfor.fans/francisco_conut,loganfinney27@gmail.com,bandmember13,
,android://LpWEurBGtIkVIeWlPSBr_te_CryMR7uFa3TYe6HToBtT5hdlrJ4MSzo4jkBLEy3abBw64LTI6mfqXjZyBFI8kA==@com.tumblr/,loganfinney27@gmail.com,bandmember13,
chaturbate.com,https://chaturbate.com/auth/login/,queerboned,buttstuff420,
,android://nIG0C0CImN2sdSp87YS-xfgAOCI3aeGEyWYjSyZpVIvwOABmtHsumwOk4iS-FceARE4JmCUxny07rrc1DnyUyA==@xyz.blueskyweb.app/,logan.finney.27@gmail.com,bandmember13,
signin.quicken.com,https://signin.quicken.com/signup,loganfinney27@gmail.com,Vandals!208,
www.slader.com,https://www.slader.com/account/login/,loganfinney27@gmail.com,Saxman27,
www.starnik.net,https://www.starnik.net/UtilityTrakR/UT1/Current/RP_AccountSignup.aspx,loganfinney27,3ducation$avings,
integrate-prod.iot.irobotapi.com,https://integrate-prod.iot.irobotapi.com/v1/authorize/google-sh,loganfinney27@gmail.com,Tr!befromtheN0rth,
bookshop.org,https://bookshop.org/signup,loganfinney27@gmail.com,bandmember13,
boise-lynx.na3.iiivega.com,https://boise-lynx.na3.iiivega.com/search/card,21150008891515,9028,
,android://NYYQFSZV6AGHkNSxBaehecGxlJYShDCKbRIlqMnaYYmoBpO55UomlpagTfN3EU0DkX7w2JfaBrz_-7Xm1MuujQ==@com.potlatchno1federalcreditunion5057.mobile/,loganfinney27 ,Tr!befromtheN0rth,
www.misfitsmarket.com,https://www.misfitsmarket.com/,loganfinney27@gmail.com,Vandals!208,
www.britishpathe.com,https://www.britishpathe.com/register,loganfinney27,bandmember13,
cdn.trellisconnect.com,https://cdn.trellisconnect.com/sdk/v1.1/js-sdk/trellis.html,2086279028,Tr!befromtheN0rth,
,android://FaFD9__RfcDa46MnYofEyK8MxN3AtgXtRtvlV9ZfYEKQJqt9NKqJgbCakPpda0pRjbMM8cUXSTZtKTG9E4TuDg==@com.bcidaho.member.release/,loganfinney27@gmail.com,bandmember13,
www.idahofilm.org,https://www.idahofilm.org/account/frame/login,loganfinney27@gmail.com,bandmember13,
training.knowbe4.com,https://training.knowbe4.com/ui/users/signup/user_details/RFicyTC2SgNKYgxVJxCC,logan.finney@idahoptv.org,lofinney,
,android://pDE4kfmLaViuosNRIXGRS2i4JaRyGHj1kZt7LBlYWWVw_XGQxmEEZSSU2ZEAbxr3zp5ht0tHNt1TQaPkBNGWhA==@com.nytimes.crossword/,lfinney@uidaho.edu,vandals208,
login.sofi.com,https://login.sofi.com/u/login,loganfinney27@gmail.com,Vandals!208,
m.alaskaair.com,https://m.alaskaair.com/,324374982,Vandals!208,
mail.idahoptv.org,https://mail.idahoptv.org/owa/auth/logon.aspx,logan.finney@idahoptv.org,0neBillionDollar$,
auth.hulu.com,https://auth.hulu.com/,gilbertogonzalez06@gmail.com,FuckDisney! ,
pilot.recon.com,https://pilot.recon.com/en/login,queerboned@gmail.com,buttstuff420,
www.apstylebook.com,https://www.apstylebook.com/users/sign_up,loganfinney27@gmail.com,vandals208,
thenounproject.com,https://thenounproject.com/leremy/uploads/,loganfinney27@gmail.com,Saxman27,
www.washingtonpost.com,https://www.washingtonpost.com/subscribe/signin/index.html,logan.finney@idahoptv.org,Vandals!208,
www.newspapers.com,https://www.newspapers.com/reset.php,loganfinney27@gmail.com,vandals208,
soundcloud.com,https://soundcloud.com/,loganfinney27@gmail.com,Saxman27,
www.accessidaho.org,https://www.accessidaho.org/account/new,loganfinney27,Tr!befromtheN0rth,
villasportfitnessonline.trainerize.com,https://villasportfitnessonline.trainerize.com/app/setup/setPassword,,vandals208,
littlesis.org,https://littlesis.org/join,loganfinney,bandmember13,
www.on-site.com,https://www.on-site.com/web/pin,,0EB0,
login.cableone.net,https://login.cableone.net/auth/realms/external-sso-realm/protocol/openid-connect/auth,loganfinney27,TribefromtheN0rth,
myaccounts.wizards.com,https://myaccounts.wizards.com/,loganfinney27@gmail.com,Vandals!208,
www.rev.com,https://www.rev.com/account/auth/register,logan.finney@idahoptv.org,Vandals!208,
,android://7jf7zQwJH6Uo4g7y2vywxNgurbzfBjoFcs-c8fNtvSDL61TwlxfO-R1e0pwkL6a57qhBXpsBN7zZFiJTZH6ECA==@com.peacocktv.peacockandroid/,gilbertogonzalez06@gmail.com,qS6kNcV8cxn3WKp,
www.spectrum.net,https://www.spectrum.net/login/,gilbertogonzalez06@gmail.com,Logert0425,
reportforamerica.submittable.com,https://reportforamerica.submittable.com/signup,loganfinney27@gmail.com,Vandals!208,
accounts.google.com,https://accounts.google.com/ServiceLogin,loganfinney27@gmail.com,Tr!befromtheN0rth,
dashboard.punchh.com,https://dashboard.punchh.com/customers/password,,0neBillionDollar$,
,android://L5haZdJII_Mf80SBOBi2jtDFffa4wuAOpMtXjQdH8QUU_FTcNhyBwo-6STf0OV10pkj6uJ9Qa8nh_KwdgFNsfQ==@com.moneylion/,loganfinney27@gmail.com,Vandals!208,
www.uiargonaut.com,https://www.uiargonaut.com/wp-login.php,lfinney@uidaho.edu,Vandals!208,
bblearn.uidaho.edu,https://bblearn.uidaho.edu/,finn9028,TribefromtheN0rth,
secure4.entertimeonline.com,https://secure4.entertimeonline.com/ta/6141471.jobs,finn9028@vandals.uidaho.edu,vandals208,
journa.host,https://journa.host/about,loganfinney,Tr!befromtheN0rth,
www.threadless.com,https://www.threadless.com/,FinneyDesigns,threadless,
,android://xVSwryDwUh1uDqLpyvC_H3mtqQR2AWhq8bprZU-QSZBmSbFMAmLwCfBm6o9zh9biPq5UBVyv76yXYSGT9FaFKg==@com.jetpack.android/,loganfinney,vandals208,
getinternet.gov,https://getinternet.gov/apply,loganfinney27@gmail.com,Tr!befromtheN0rth,
tab.gladly.io,http://tab.gladly.io/accounts/password/reset/key/dnm-4a3-a84015dd28f3511bf50a/,,bandmember13,
www.tabforacause.org,http://www.tabforacause.org/accounts/password/reset/key/dnm-3yz-f7914c41295821cc6faa/,,Saxman27,
five-api.libsyn.com,https://five-api.libsyn.com/auth/authorize,logan.finney@idahoptv.org,DialoguePod1455*,
accounts.uber.com,https://accounts.uber.com/forgot-password/,loganfinney27@gmail.com,bandmember13,
apg05.newzware.com,https://apg05.newzware.com/ss70v2/adams/common/template.jsp,bill.manny@idahoptv.org,PriestLake2022,
www.zillow.com,https://www.zillow.com/homedetails/W-Randolph-Dr-Boise-ID-83709/2085171534_zpid/,,bandmember13,
,android://nIG0C0CImN2sdSp87YS-xfgAOCI3aeGEyWYjSyZpVIvwOABmtHsumwOk4iS-FceARE4JmCUxny07rrc1DnyUyA==@xyz.blueskyweb.app/,idahoreports@idahoptv.org,EstoPerpetua!1890,
m.chaturbate.com,https://m.chaturbate.com/auth/login/,queerboned,buttstuff420,
,android://nIG0C0CImN2sdSp87YS-xfgAOCI3aeGEyWYjSyZpVIvwOABmtHsumwOk4iS-FceARE4JmCUxny07rrc1DnyUyA==@xyz.blueskyweb.app/,loganfinney.com,Vandals!208,
apscore.collegeboard.org,https://apscore.collegeboard.org/scores/,loganfinney,password1,
,android://6C-h1lKh_CLe3xfP9BzusWs1PafyrgJGmeOoiVsaMRJYI4THUNCCR3ilm5inqCTqz1FCYEJQkyTp70aBS4QtcQ==@com.idaholottery.Utility/,loganfinney27@gmail.com,bandmember13,
auth.uber.com,https://auth.uber.com/login/session,+1 208-627-9028,bandmember13,
,android://nIG0C0CImN2sdSp87YS-xfgAOCI3aeGEyWYjSyZpVIvwOABmtHsumwOk4iS-FceARE4JmCUxny07rrc1DnyUyA==@xyz.blueskyweb.app/,loganfinney.27@gmail.com,bandmember13,
sso.garmin.com,https://sso.garmin.com/,loganfinney27@gmail.com,Tr!befromtheN0rth,
thegemboise.securecafe.com,https://thegemboise.securecafe.com/onlineleasing/the-gem0/register.aspx,loganfinney27@gmail.com,Vandals!208,
,android://rOo56i6wJSuhTToG8s1V3ZsRmd-gv2eEMdqG75TFH2kmlRbK35kk8yIbEmg5-zWO37z1oX_cySDCoXW3THw79w==@com.contextlogic.wish/,loganfinney27@gmail.com,,
www.certmetrics.com,https://www.certmetrics.com/comptia/login.aspx,COMP001020725395,CompTIA2016!,
go.spj.org,https://go.spj.org/login.php,10013069,Tr!befromtheN0rth,
www.myfitnesspal.com,https://www.myfitnesspal.com/account/password-reset/0a2b3ace-792e-4ac8-878d-9750f6c803bd,loganfinney27,vandals208,
partner.wsj.com,https://partner.wsj.com/p/1148200010/register,loganfinney27@gmail.com,bandmember13,
marketplace.uidaho.edu,https://marketplace.uidaho.edu/C20272_tsa/web/login.jsp,finn9028,TribefromtheN0rth,
x.com,https://x.com/i/flow/login,idahoreports,EstoPerpetua!1890#,
essentials.availity.com,https://essentials.availity.com/static/public/onb/onboarding-ui-apps/availity-fr-ui/,loganfinney27,Vandals!208,
sts.uidaho.edu,https://sts.uidaho.edu/adfs/ls/,finn9028@vandals.uidaho.edu,Cow+hemp+window,
,android://EeGuZBmVIPxALu8WvkL4jH8s_OIseXDT75xTmAxfH-w0I-hjfjgKyHWGVmx5cngkB7rFFDD9-UcpuVV-Zs7V2A==@com.expedia.bookings/,logan.finney@idahoptv.org,Tr!befromtheN0rth,
,android://kWk-W3w__yYBxxWkLHwBK6iEAT16Yggy7JnZTVU1R1IShScSO0yWvQr5oRlf6iX1lgGt2mwxXSDEh67q2X44nw==@org.wordpress.android/,loganfinney27,vandals208,
www.e-billexpress.com,https://www.e-billexpress.com/ebpp/LesSchwab/,loganfinney27,Tr!befromtheN0rth,
pacer.login.uscourts.gov,https://pacer.login.uscourts.gov/csologin/login.jsf,loganfinney,Tr!befromtheN0rth,
www.wish.com,https://www.wish.com/,loganfinney27@gmail.com,wish,
shortsu.com,https://shortsu.com/index/activateuseraccount/NTUw,finn9028@vandals.uidaho.edu,Vandals!208,
,android://qbMQCZh-CU_SBn04UFat_bLMSicoFKWYI0MzXmOdBklD5gJcvH42kD8GXA5lvZmtq1ON0Dd8FAT6SLUIlwNUqA==@com.instagram.android/,dialogueidahoptv,Dialogue1455*,
id.secondchancebonuszone.com,https://id.secondchancebonuszone.com/holidaybonus/enter,loganfinney27@gmail.com,bandmember13,
www.pandora.com,https://www.pandora.com/account/register,loganfinney27@gmail.com,LOGFIN,
,android://JYJmg3t0brP96vVNVxD9ODunmfi7EB4jSeUCRfXldFUbuzk7czHa3YWCI259hhs4JBMiMpLreSLAo1kvihSQuw==@com.trainerize.Trainerize/,loganfinney27@gmail.com,vandals208,
orders.modpizza.com,https://orders.modpizza.com/,loganfinney27@gmail.com,0neBillionDollar$,
idahoapp.naviabenefits.com,https://idahoapp.naviabenefits.com/app/,loganfinney27,Tr!befromtheN0rth,
soundcloud.com,https://soundcloud.com/discover,logan.finney27@gmail.com,Saxman27,
ffister.com,https://ffister.com/account,queerboned@gmail.com,bandmember13,
wordpress.com,https://wordpress.com/me/security,loganfinney27,vandals208,
auth0.openai.com,https://auth0.openai.com/u/signup/password,loganfinney27@gmail.com,Vandals!208,
,android://enbkfujv6l_5Po4j1jRIxIDiw1U_XwN2pttEF_krSiaftYYCGJXZe0lnOeloOYMgLCiWqT9U8gYVKa1YRgxBWw==@com.brighthouse.mybhn/,gilbertogonzalez06@gmail.com,Logert0425,
www.instagram.com,https://www.instagram.com/accounts/login/,outdooridahoptv,idahoPTVemily,
www.politico.com,https://www.politico.com/_verify-user,loganfinney27@gmail.com,vandals208,
,android://yZBenyrJmxevVnkps6qkSrczXSXtUvG3-wJkNqOBmHgZ3rOAEnq8SW_fSyfIk4V_X5lkbbw-eedkjQP8j4c0IA==@com.activehours/,loganfinney27@gmail.com,Vandals!208,
www.calligraphr.com,https://www.calligraphr.com/en/accounts/register/,loganfinney27@gmail.com,Saxman27,
pbs.slack.com,https://pbs.slack.com/join/invite/enQtNDAzODYxNjI1NDc3My02MDU5ZWI1MmMzNDRmNGRhMzU3OWZiNWFkY2E1N2VjMmU5OTEyYjQ1YjZkNjE0Y2M5N2ZlOTk1YzNmZjJmMDk1,Logan Finney,Vandals!208,
app.jobvite.com,https://app.jobvite.com/login/register/register.html,loganfinney27@gmail.com,Saxman27,
accounts.nintendo.com,https://accounts.nintendo.com/federation/register,loganfinney27@gmail.com,Vandals!208,
www.netflix.com,https://www.netflix.com/,gilbertogonzalez06@gmail.com,FuckNetflix!,
www.howthemarketworks.com,http://www.howthemarketworks.com/register,Logan-Finney,bpzn132a,
,android://tiRs5ewLPrNcLcxoQqKo2wJ6JLV_W3fpHFmo60-kWs-UvDt6zXOKxEM_NHDikP3P9wbLsr9ecbU4pP6LzmoWaw==@com.letterboxd.letterboxd/,loganfinney27@gmail.com,Tr!befromtheN0rth,
,android://wbgcv7EKOzTXhlE3kpI4bLWB_s8aYJwE0pjyjAcvYC2o209SD5omp927YZsRGoDR9PeS8O73XMIksQvpMUHGAw==@com.calm.android/,loganfinney27@gmail.com,bandmember13,
accounts.google.com,https://accounts.google.com/ServiceLogin,finney.logan@lposd.org,bpzn132a,
progressivedirect.homesite.com,https://progressivedirect.homesite.com/OnlineServicing/Welcome.aspx,loganfinney27@gmail.com,Vandals!208,
mail.intermaxnetworks.com,https://mail.intermaxnetworks.com/tuxedo/,lfinney@imaxmail.net,TribefromtheN0rth,
www.libib.com,https://www.libib.com/login,loganfinney27@gmail.com,Vandals!208,
join.fuelrewards.com,https://join.fuelrewards.com/frconnect/registration,loganfinney27@gmail.com,Vandals!208,
arc.net,https://arc.net/actions/resetPassword,loganfinney27@gmail.com,Vandals!208,
accounts.epicgames.com,https://accounts.epicgames.com/,loganfinney27@gmail.com,Tr!befromtheN0rth,
muckrack.com,https://muckrack.com/account/signup,loganfinney27@gmail.com,bandmdmber13,
www.mercari.com,https://www.mercari.com/login/,loganfinney27@gmail.com,Vandals!208,
login.villaos.com,https://login.villaos.com/86826a33-becb-4d1f-a1ba-ad384896ca0b/oauth2/v2.0/authorize,loganfinney27,Vandals208,
idcis.intocareers.org,https://idcis.intocareers.org/loginmain.aspx,loganfinney,password!,
anchor.fm,https://anchor.fm/signup,loganfinney27@gmail.com,bandmember13,
map.igismap.com,https://map.igismap.com/converter,logan.finney@idahoptv.org,vandals208,
www.walgreens.com,https://www.walgreens.com/register/regpersonalinfo.jsp,loganfinney27@gmail.com,bandmember13,
discordapp.com,https://discordapp.com/channels/576525058823159818/576525058823159820,loganfinney27@gmail.com,Saxman27,
,android://BnX9M66KmaqmzgqWgQxmbrJB_wO0ST53-DUZCnxDdLwf4JAsUtM2kKGudjeBclJFUquAP2JTpypk9qobA6PGMA==@com.discord/,loganfinney27@gmail.com,Vandals!208,
,android://79xEc7TXh3cNp5rV9kci8i6AYyfPq8BmRomGIiNpLtXCAx3qy5RICnOQLbMJaQ1UNGV_N7sSK1dLpTmEZQ8csg==@com.spotify.music/,gilberto.gonzalez06@gmail.com,Litfam18,
pay.usbank.com,https://pay.usbank.com/Form/Payments/New,LOGANFINNEY27@GMAIL.COM,Tr!befromtheN0rth,
msimga.com,https://msimga.com/,loganfinney27@gmail.com,Vandals!208,
www.spotify.com,https://www.spotify.com/us/signup/,loganfinney27,vandals208,
www.kickstarter.com,https://www.kickstarter.com/projects/new,,vandals208,
account.apps.progressive.com,https://account.apps.progressive.com/access/register/create-credentials,loganfinney27@gmail.com,Tr!befromtheN0rth,
,android://nIG0C0CImN2sdSp87YS-xfgAOCI3aeGEyWYjSyZpVIvwOABmtHsumwOk4iS-FceARE4JmCUxny07rrc1DnyUyA==@xyz.blueskyweb.app/,thegemstone.org,Vandals!208,
auth.linktr.ee,https://auth.linktr.ee/login,loganfinney,Vandals!208,
www.instagram.com,https://www.instagram.com/accounts/login/,idahoexperience,74Helena,
auth.sco.idaho.gov,https://auth.sco.idaho.gov/my.policy,12219,AnotherNewPassword3,7/14/2025
,android://wg8kA3zVSH_twrFJ6goMCCNbpzO1IigHz6oxr7PqWUokcsLZxJYySRLgdIscbhO7Ta2LH-M5qGx5Kt_bUh85bg==@com.libib.app/,loganfinney27@gmail.com,Vandals!208,
accounts.ngpvan.com,https://accounts.ngpvan.com/oidc/login,loganfinney27@gmail.com,Saxman27,
www.wowpresentsplus.com,https://www.wowpresentsplus.com/login,,Vandals!208,
www.albertsons.com,https://www.albertsons.com/shop/product-details.960162998.html,loganfinney27@gmail.com,bandmember13,
www.sd84.k12.id.us,http://www.sd84.k12.id.us/FamilyLink/Login.aspx,finney.logan@lposd.org,yb760y,
www.iheartjane.com,https://www.iheartjane.com/embed/stores/2601/login,loganfinney27@gmail.com,Saxman27,
cannabisandglassor.com,https://cannabisandglassor.com/ontario-menu/login,loganfinney27@gmail.com,Saxman27,
tkt.xosn.com,https://tkt.xosn.com/tickets/BuyTickets.dbml,finn9028@vandals.uidaho.edu,vandals208,
littlesis.org,https://littlesis.org/login,loganfinney27@gmail.com,bandmember13,
mail.intermaxnetworks.com,https://mail.intermaxnetworks.com/tuxedo/,lfinney@imaxmail.net,TribefromtheN0rth,
altos2019vmb.slack.com,https://altos2019vmb.slack.com/admin/transfer,Finn,bandmember13,
sts.upstart.com,https://sts.upstart.com/realms/upstart/protocol/openid-connect/auth,loganfinney27@gmail.com,Tr!befromtheN0rth,
us02web.zoom.us,https://us02web.zoom.us/activate,logan.finney@idahoptv.org,Saxman27,
www.gazetterecord.com,https://www.gazetterecord.com/users/signup/,loganfinney27,bandmember13,
natasstudentawards.org,https://natasstudentawards.org/membership_login/,3880,NATA$2023$tud,
my.1password.com,https://my.1password.com/sign-up/password,loganfinney27@gmail.com,L0g@nF!nn3y,
apscore.collegeboard.org,https://apscore.collegeboard.org/scores,loganfinney,password1,
idahodmvsso.b2clogin.com,https://idahodmvsso.b2clogin.com/idahodmvsso.onmicrosoft.com/B2C_1_ItdSignInSignUp/api/CombinedSigninAndSignup/unified,loganfinney27@gmail.com,Vandals!208,
registration.stamps.com,https://registration.stamps.com/registration/,loganfinney27,bandmember13,
accounts.google.com,https://accounts.google.com/ServiceLogin,loganfinney27@gmail.com,Tr!befromtheN0rth,
www.graze.com,https://www.graze.com/us/login,loganfinney27@gmail.com,bandmember13,
,android://u0A-O7Ivuokjnqmf1ciagyiwkxqsLSrXA9ZzyIb4yGEVu5tPRfhJbn8REHGmDAUkUCGf71TqwUcwSfwFObRssA==@com.twitter.android/,IdahoReports,EstoPerpetua!1890#,
signin.acorns.com,https://signin.acorns.com/,loganfinney27@gmail.com,vandals208,
planetfitness.auth0.com,https://planetfitness.auth0.com/login,loganfinney27@gmail.com,Vandals!208,
auth.freetaxusa.com,https://auth.freetaxusa.com/NewUser,loganfinney27,Tr!befromtheN0rth,
myaccount.nytimes.com,https://myaccount.nytimes.com/auth/iframe/enter-email,finn9028@vandals.uidaho.edu,vandals208,
www.dropbox.com,https://www.dropbox.com/scl/fi/67n0tfublwpsq7qivma2q/Talaat-log.docx,logan.finney@idahoptv.org,Vandals!208,
dashboard.thelightphone.com,https://dashboard.thelightphone.com/login,loganfinney27@gmail.com,Vandals!208,
account.ghost.org,https://account.ghost.org/signup,loganfinney27@gmail.com,0neBillionDollar$,
www.netflix.com,https://www.netflix.com/,2087407547,FuckNetflix!,
secure.soundcloud.com,https://secure.soundcloud.com/web-auth,idaho-reports,IdahoPTV2020.,
,android://5RtwUDa4oJLIzNHEOIgSrbfjJvUfJizaTDcixzzPOz0y13LGKuDNs8LG4u8F4wpbJLdbK-fEHbvITwNh18oIEw==@com.amazon.flex.rabbit/,loganfinney27@gmail.com,Saxman27,
www.thegemstone.org,https://www.thegemstone.org/,,potato,
customer.sparklight.com,https://customer.sparklight.com/securelogin/login.aspx,loganfinney27,TribefromtheN0rth,
m.gobank.com,https://m.gobank.com/uber/signup,0928,Tr!befromtheN0rt,
app.ketocycle.diet,https://app.ketocycle.diet/login,loganfinney27@gmail.com,Saxman27,
iwwfju.slack.com,https://iwwfju.slack.com/,loganfinney27@gmail.com,vandals208,
,android://tPnoFW8yx31Ar7QsTgt20qI6SpxN8BCrX5TGvRapOfPq8sIEQXcw-1QwRiHKwJ3dbjPE9mxxmXdoZ_MKb5UtMQ==@com.duosecurity.duomobile/,vandals208,vandals208,
ifttt.com,https://ifttt.com/people,loganfinney27@gmail.com,vandals208,
wwwapps.ups.com,https://wwwapps.ups.com/doapp/SignUp,loganfinney27,Vandals!208,
www.pizzahut.com,https://www.pizzahut.com/index.php,loganfinney27@gmail.com,bandmember13,
login.icims.com,https://login.icims.com/u/login/password,gilbertogonzalez06@gmail.com,"j!tSU8^E,-*Wz.C",
manage.payrange.com,https://manage.payrange.com/,loganfinney27@gmail.com,bandmember13,
idmsa.apple.com,https://idmsa.apple.com/appleauth/auth/authorize/signin,lfinney@imaxmail.net,Lafmusic!27,
verified.usps.com,https://verified.usps.com/am/XUI/,loganfinney27,Vandals!208,
,android://nIG0C0CImN2sdSp87YS-xfgAOCI3aeGEyWYjSyZpVIvwOABmtHsumwOk4iS-FceARE4JmCUxny07rrc1DnyUyA==@xyz.blueskyweb.app/,queerbone.vip,buttstuff420,
mypersi.idaho.gov,https://mypersi.idaho.gov/Identity/Account/Register,loganfinney27,Tr!befromtheN0rth,
www.celtx.com,https://www.celtx.com/index.html,loganfinney27@gmail.com,vandals208,
discussion.dsausa.org,https://discussion.dsausa.org/login,loganfinney27,bandmember13,
www.studyblue.com,http://www.studyblue.com/,finney.logan@lposd.org,bpzn132a,
,android://nIG0C0CImN2sdSp87YS-xfgAOCI3aeGEyWYjSyZpVIvwOABmtHsumwOk4iS-FceARE4JmCUxny07rrc1DnyUyA==@xyz.blueskyweb.app/,idahoreports.org,EstoPerpetua!1890,
auth.hulu.com,https://auth.hulu.com/web/login,gilberto.gonzalez06@gmail.com,y45TpwYiJG6R3AC,
app.schoology.com,https://app.schoology.com/login,finney.logan@lposd.org,bpzn132a,
portal.24liveblog.com,https://portal.24liveblog.com/,logan.finney@idahoptv.org,Tr!befromtheN0rth,
,android://rx1M7HNclOtlTbka8IqBM_RA-PPzS-htzHtHBJQcOM2oNQSOsZxZF1j1MPteckITXrJ7xKh6mEC2HmKZpBwBrg==@com.snapchat.android/,loganfinney27,bandmember13,
www.instagram.com,https://www.instagram.com/createidahoptv/,loganfinney27,Vandals!208,
www.criticalpast.com,https://www.criticalpast.com/user/signup/,loganfinney27,Vandals!208,
www.ulc.org,https://www.ulc.org/login,loganfinney27@gmail.com,bandmember13,
app.sproutsocial.com,https://app.sproutsocial.com/signup/start/professional_v9,logan.finney@idahoptv.org,priestlake,
identity.lego.com,https://identity.lego.com/en-US/login,loganfinney27@gmail.com,Vandals!208,
www.starbucks.com,https://www.starbucks.com/account/create,loganfinney27@gmail.com,Vandals!208,
davesredistricting.org,https://davesredistricting.org/maps,logan.finney@idahoptv.org,Saxman27,
accounts.firefox.com,https://accounts.firefox.com/signin,loganfinney27@gmail.com,vandals208,
spaces.hightail.com,https://spaces.hightail.com/login,jeff.tucker@idahoptv.org,priestlake,
www.freetaxusa.com,https://www.freetaxusa.com/taxes2023/taxcontrol,loganfinney27,Tr!befromtheN0rth,
fold.it,https://fold.it/portal/user/register,lfinney@imaxmail.net,foldit,
registration.sco.idaho.gov,https://registration.sco.idaho.gov/my.policy,Logan Finney,3ducation$avings,
lso.legislature.idaho.gov,http://lso.legislature.idaho.gov/MyBillTracker/Registration_input.do,loganfinney27@gmail.com,bandmember13,
,android://zQxb6hXv1MJiC1Yyotdhi8HP-y7fwPcOLwPOWTwWKpP2VXcbsuIiI4iJ1KV0Dz3LzVsUuKJmYCBIUAxnsPB9FA==@com.facebook.lite/,loganfinney27@gmail.com,Vandals!208,
secure.verizon.com,https://secure.verizon.com/account/forgot-password/resetpassword,2086279028,Vandals!208,
myida.documentary.org,https://myida.documentary.org/setLogin,loganfinney,vandals208,
secure.lmtribune.com:8443,https://secure.lmtribune.com:8443/ss70v2/lewisn04/common/template.jsp,IPTV,PriestLake2022,
idaho.maps.arcgis.com,https://idaho.maps.arcgis.com/sharing/rest/oauth2/authorize,lfinney_idptv,Tr!befromtheN0rth,
www.ups.com,https://www.ups.com/lasso/forgot,loganfinney27@gmail.com,0neBillionDollar$,
login.squarespace.com,https://login.squarespace.com/api/1/login/oauth/provider/authorize,loganfinney27@gmail.com,vandals208,
www.alumniclass.com,https://www.alumniclass.com/sandpoint-high-school-bulldogs-id/recover-reset,loganfinney27@gmail.com,bandmember13,
m.facebook.com,https://m.facebook.com/,loganfinney27@gmail.com,Vandals!208,
secure.actblue.com,https://secure.actblue.com/login,loganfinney27@gmail.com,vandals208,
,android://yTbbVli2kp2NRFxk_MQWPqrNxomp-OK_hUSXqYCKsZ8yq6rhqj6DXtj5l1tBvyMWM__Q1Njmy2YSMnW5C7PFJg==@com.trello/,loganfinney27@gmail.com,,
www.personalcapital.com,https://www.personalcapital.com/sign-up/simple,loganfinney27@gmail.com,vandals208,
app.clickup.com,https://app.clickup.com/signup,logan.finney@idahoptv.org,Tr!befromtheN0rth,
evolve.myresman.com,https://evolve.myresman.com/Portal/Access/Register,loganfinney27,vandals208,
secure.birds.cornell.edu,https://secure.birds.cornell.edu/identity/account/create,loganfinney27,bandmember13,
home.personalcapital.com,https://home.personalcapital.com/page/login/app,loganfinney27@gmail.com,vandals208,
linktr.ee,https://linktr.ee/register,loganfinney,Vandals!208,
papamurphys.myguestaccount.com,https://papamurphys.myguestaccount.com/guest/enroll,loganfinney27@gmail.com,bandmember13,
www.owyheepublishing.com,http://www.owyheepublishing.com/,CrystalCallahan,Owyhee2020!,
business.facebook.com,https://business.facebook.com/Phi-Mu-Alpha-Province-38-799740473525229/settings/,loganfinney27@gmail.com,Vandals!208,
www.pinterest.com,https://www.pinterest.com/login/,lfinney@imaxmail.net,pinterest,
app.acuityscheduling.com,https://app.acuityscheduling.com/schedule.php,loganfinney27@gmail.com,bandmember13,
the-gemstone.ghost.io,https://the-gemstone.ghost.io/private/,,1890,
,android://7fmduHKTdHHrlMvldlEqAIlSfii1tl35bxj1OXN5Ve8c4lU6URVu4xtSHc3BVZxS6WWJnxMDhIfQN0N0K2NDJg==@com.android.chrome/,logan.finney@idahoptv.org,3ducation$avings,
app.asana.com,https://app.asana.com/app/asana/-/login,logan.finney@idahoptv.org,vandals208,
the-gemstone.ghost.io,https://the-gemstone.ghost.io/ghost/,loganfinney27@gmail.com,0neBillionDollar$,
airtable.com,https://airtable.com/invite/d,Logan.Finney@idahoptv.org,Tr!befromtheN0rth,
store-mcyeki.mybigcommerce.com,https://store-mcyeki.mybigcommerce.com/checkout.php,betasigmabulls@gmail.com,We are the Dweamers of Dweams 38,
www.universalproductionmusic.com,https://www.universalproductionmusic.com/en-us/updatepassword,logan.finney@idahoptv.org,$pudc0untry,
www.backerkit.com,https://www.backerkit.com/master_backer_accounts/confirmation,loganfinney27@gmail.com,bandmember13,
,android://xVSwryDwUh1uDqLpyvC_H3mtqQR2AWhq8bprZU-QSZBmSbFMAmLwCfBm6o9zh9biPq5UBVyv76yXYSGT9FaFKg==@com.jetpack.android/,loganfinney27,vandals208,
myida.documentary.org,https://myida.documentary.org/login,logan.finney@idahoptv.org,vandals208,
auth.services.adobe.com,https://auth.services.adobe.com/en_US/index.html,avid4@idahoptv.org,Production1,
www.hydroflask.com,https://www.hydroflask.com/customer/account/create/,loganfinney27@gmail.com,Saxman27,
accounts.google.com,https://accounts.google.com/AddSession,finney.logan@lposd.org,bpzn132a,
www.facebook.com,https://www.facebook.com/,loganfinney27@gmail.com,Vandals!208,
www.evansbrotherscoffee.com,https://www.evansbrotherscoffee.com/checkout,loganfinney27@gmail.com,bandmember13,
ww2.e-billexpress.com,https://ww2.e-billexpress.com/ebpp/LesSchwab/Enrollment/Enroll,loganfinney27,Tr!befromtheN0rth,
linktr.ee,https://linktr.ee/universal-login,idahoreports,Idaho1890.,
musescore.com,https://musescore.com/user/register,loganfinney27@gmail.com,bandmember13,
redistrictingdatahub.org,https://redistrictingdatahub.org/my-account/register/,loganfinney,Vandals!208,
www.shsxc.com,http://www.shsxc.com/login.aspx,loganfinney27,shsxc,
hootsuite.com,https://hootsuite.com/login,idahoptv@gmail.com,priestlake,
sts.uidaho.edu,https://sts.uidaho.edu/,lfinney@uidaho.edu,Cow+hemp+window,
shsxc.com,http://shsxc.com/login.aspx,loganfinney27,shsxc,
tokenfoundry.com,https://tokenfoundry.com/registration/signup,loganfinney27@gmail.com,Vandals!208,
m.gobank.com,https://m.gobank.com/login,loganfinney27@gmail.com,Tr!befromtheN0rt,
,android://BnX9M66KmaqmzgqWgQxmbrJB_wO0ST53-DUZCnxDdLwf4JAsUtM2kKGudjeBclJFUquAP2JTpypk9qobA6PGMA==@com.discord/,happyhappyhotdog,Vandals!208,
my.disney.com,https://my.disney.com/edit/password,loganfinney27@gmail.com,Vandals!208,
www.thriftbooks.com,https://www.thriftbooks.com/,loganfinney27@gmail.com,Vandals!208,
,android://ZQ55YqxHQIopMmkmSTqM9aEo-Te_3coMxWGFooYH8eEIbzN20y59fh7bnrCiMynmMAvDanWZqFTwouJF2yA1Ng==@com.reddit.frontpage/,queerbone,buttstuff420,
www.forttroff.com,https://www.forttroff.com/mm5/merchant.mvc,loganfinney27@gmail.com,bandmember13,
www.peacocktv.com,https://www.peacocktv.com/signin,gilbertogonzalez06@gmail.com,qS6kNcV8cxn3WKp,
sso.garmin.com,https://sso.garmin.com/sso/login,lfinney@imaxmail.net,garminXC,
,android://FlZ9VwWm1EFZBH-50o79dUmm2UgE6pwfce-1lE5BYNGvJhgJUmA6_QIgMcs_suTWzwop_UvUXJGbDa_1IFJojw==@com.labs.merlinbirdid.app/,loganfinney27,bandmember13,
m.alaskaair.com,https://m.alaskaair.com/account/signin,324374982,Vandals!208,
www.instagram.com,https://www.instagram.com/,idahoptv,Bigbird2023!,
auth.pizzahut.com,https://auth.pizzahut.com/login.php,loganfinney27@gmail.com,bandmember13,
,android://ZQ55YqxHQIopMmkmSTqM9aEo-Te_3coMxWGFooYH8eEIbzN20y59fh7bnrCiMynmMAvDanWZqFTwouJF2yA1Ng==@com.reddit.frontpage/,loganfinney27,Saxman27,
login.microsoftonline.com,https://login.microsoftonline.com/,finn9028@alumni.uidaho.edu,Jo3V@ndal,
www.tyleridaho.com,https://www.tyleridaho.com/cas/login,loganfinney27,Tr!befromtheN0rth,
mysaintals.myid.care,https://mysaintals.myid.care/web/mysaintals/self-registration,loganfinney27,Tr!befromtheN0rth,
login.live.com,https://login.live.com/login.srf,logan.finney@idahoptv.org,TribefromtheN0rth,
otter.ai,https://otter.ai/password,loganfinney27@gmail.com,Saxman27,
doublescorpio.com,https://doublescorpio.com/checkout/,loganfinney27@gmail.com,bandmember13,
myaccount.sparklight.net,https://myaccount.sparklight.net/CreateUser.aspx,loganfinney27,TribefromtheN0rth,
www.pay.gov,https://www.pay.gov/public/registration/signin,loganfinney27,Vandals!208,
,android://55gSYB56lH89c-bAKmT_RNluswri2S6qg_CSSx724wHlM_fN_pLKPZl_S7dgC0vhse213q1lQP4baHfKETLoGg==@net.sharewire.parkmobilev2/,loganfinney27@gmail.com,Vandals!208,
www.newspapers.com,https://www.newspapers.com/,idahoptv,Sn@keRiv3r21,
my.sinfonia.org,https://my.sinfonia.org/wp-login.php,finn9028@vandals.uidaho.edu,vandals208,
community.elizabethwarren.com,https://community.elizabethwarren.com/users/sign_in,loganfinney27@gmail.com,vandals208,
cityclubofboise.app.neoncrm.com,https://cityclubofboise.app.neoncrm.com/np/clients/cityclubofboise/setLogin.jsp,logan.finney@idahoptv.org,bandmember13,
iccu.avoka-transact.com,https://iccu.avoka-transact.com/apps/servlet/SmartForm.html,loganfinney27,Vandals!208,
datajournalism.com,https://datajournalism.com/register,loganfinney,Vandals!208,
my.doculivery.com,https://my.doculivery.com/External/DollarTree/Login.aspx,26812637,Vandals!208,
account.docusign.com,https://account.docusign.com/v2/usertoaccountinvite/tokenhandler,,Vandals!208,
justfor.fans,https://justfor.fans/verify,queerbone3@gmail.com,buttstuff420,
secure.imdb.com,https://secure.imdb.com/ap/forgotpassword,loganfinney27@gmail.com,0neBillionDollar$,
bcacha.rentrelief.com,https://bcacha.rentrelief.com/content2/access/confirm-email/9c34d1fe-8fca-411a-9dcc-e92bcc5cca09,loganfinney27@gmail.com,Tr!befromtheN0rth,
sts.uidaho.edu,https://sts.uidaho.edu/adfs/ls/,finn9028,TribefromtheN0rth,
idahobusinessreview.com,https://idahobusinessreview.com/2021/09/16/sandpoint-pursues-another-local-option-tax/,jenifer.johnson@idahoptv.org,Idah0ptv,
porkbun.com,https://porkbun.com/account/login,loganfinney27,Vandals!208,
venmo.com,https://venmo.com/account/login,2086279028,vandals208,
www.tumblr.com,https://www.tumblr.com/login,loganfinney27@gmail.com,bandmember13,
www.chegg.com,https://www.chegg.com/auth,finn9028@vandals.uidaho.edu,Vandals!208,
www.newspapers.com,https://www.newspapers.com/signin/,bill.manny@idahoptv.org,PriestLake2024,
www.amazon.de,https://www.amazon.de/ap/signin,loganfinney27@gmail.com,Saxman27,
,android://qbMQCZh-CU_SBn04UFat_bLMSicoFKWYI0MzXmOdBklD5gJcvH42kD8GXA5lvZmtq1ON0Dd8FAT6SLUIlwNUqA==@com.instagram.android/,idahoreports,Idahoreports2023!,
login.microsoftonline.com,https://login.microsoftonline.com/common/oauth2/v2.0/authorize,logan.finney@idahoptv.org,3ducation$avings,
my.sinfonia.org,https://my.sinfonia.org/wp-login.php,loganfinney27@gmail.com,vandals208,
www.papamurphys.com,https://www.papamurphys.com/profile/sign-in/,loganfinney27@gmail.com,vandals208,
huggingface.co,https://huggingface.co/join,loganfinney27@gmail.com,TouchTh3G0dhe@d,
store.steampowered.com,https://store.steampowered.com/login/,LFIdaho,TribefromtheN0rth,
app.chime.com,https://app.chime.com/login,loganfinney27@gmail.com,Tr!befromtheN0rth,
idfg.huntfishidaho.net,https://idfg.huntfishidaho.net/customer/verification/account,loganfinney27,Saxman27,
www.doordash.com,https://www.doordash.com/dasher/application/SQF5nSxzGOQixa2vp8rpowyVHmyno0mx6V43hWIujKyzwTjE1B/profile,Finney,Tr!befromtheN0rth,
www.facingus.org,https://www.facingus.org/login,loganfinney27@gmail.com,bandmember13,
www.paperlessemployee.com,https://www.paperlessemployee.com/dollartree/PE/CreateAccount,26812637,Vandals!208,
members.bcidaho.com,https://members.bcidaho.com/login.page,logan.finney@idahoptv.org,3ducation$avings,
www.expedia.com,https://www.expedia.com/setpassword,logan.finney@idahoptv.org,Tr!befromtheN0rth,
www.stlukesbillpay.com,https://www.stlukesbillpay.com/Account/Login,loganfinney27@gmail.com,Vandals!208,
admin.typeform.com,https://admin.typeform.com/login/,loganfinney27@gmail.com,vandals208,
accounts.spotify.com,https://accounts.spotify.com/en/login,loganfinney27,vandals208,
bandcamp.com,https://bandcamp.com/download,loganfinney27@gmail.com,bandmember13,
www-secure.easybib.com,https://www-secure.easybib.com/login,loganfinney27@gmail.com,easybib,
aeon.library.georgetown.edu,https://aeon.library.georgetown.edu/aeonauth/Aeon.dll,loganfinney27,Saxman27,
login.microsoftonline.com,https://login.microsoftonline.com/,logan.finney@idahoptv.org,logan.finney@idahoptv.org,
login.microsoftonline.com,https://login.microsoftonline.com/7ebc6b63-5792-4a19-b20b-04b826048853/oauth2/authorize,lfinney@uidaho.edu,TribefromtheN0rth,
www.pureformen.com,https://www.pureformen.com/account/reset/141095763978/ade15a6a13137e5c20b75400228de3ba-1595551001,loganfinney27@gmail.com,bandmember13,
identity.doordash.com,https://identity.doordash.com/auth,loganfinney27@gmail.com,Tr!befromtheN0rth,
prod.consumer.cloudauth.bcidaho.com,https://prod.consumer.cloudauth.bcidaho.com/u/login/password,loganfinney27@gmail.com,bandmember13,
www.dropout.tv,https://www.dropout.tv/login,gilbertogonzalez06@gmail.com,Loberto25,
ovee.itvs.org,https://ovee.itvs.org/auth/reset-password,,vandals208,
www.villasport.com,https://www.villasport.com/myvillasport/membersignup/optionsinformation,loganfinney27,Vandals208,
goodblock.gladly.io,https://goodblock.gladly.io/app/account/signup/,loganfinney27@gmail.com,Saxman27,
,android://u0A-O7Ivuokjnqmf1ciagyiwkxqsLSrXA9ZzyIb4yGEVu5tPRfhJbn8REHGmDAUkUCGf71TqwUcwSfwFObRssA==@com.twitter.android/,lfinneytweets,vandals208,
account.envato.com,https://account.envato.com/sign_in,idahoptv,idahoptvenvatoaccount,
www.hims.com,https://www.hims.com/,loganfinney27@gmail.com,bandmembet,
usa.experian.com,https://usa.experian.com/login/index,loganfinney27@gmail.com,Tr!befromtheN0rth,
secure.moneykey.com,https://secure.moneykey.com/apply/createaccount,loganfinney27@gmail.com,Vandals!208,
login.constantcontact.com,https://login.constantcontact.com/login/login.sdo,loganfinney,Saxman27,
www.starbucks.com,https://www.starbucks.com/account/signin,loganfinney27@gmail.com,Vandals!208,
secure3.mbsbooks.com,https://secure3.mbsbooks.com/login,finn9028@vandals.uidaho.edu,FINNLOG,
,android://ELonfrWKXOwzzTnO0M4SG4yp81XMzgP0KABbTYcHggRsPh9yjjKGrpEOO2WF0ZZCUhl2aRvL2sv92-o8pvWc_Q==@com.soundcloud.android/,idaho-reports,IdahoPTV2020.,
members.bcidaho.com,https://members.bcidaho.com/my-account/members-registration.page,loganfinney,f5-sso-token,
,android://wlYWTSRT83XqYF4Bz7x-RdqtKZh5z-8cO6PB9eQlvztppU3PX1p9LsLjC0Bp3OztMWAJPyJdStfbyZgLQVGBXQ==@com.grindrapp.android/,loganfinney27@gmail.com,buttstuff420,
fnbo.upstart.com,https://fnbo.upstart.com/login,loganfinney27@gmail.com,Tr!befromtheN0rth,
,android://_nSYWxQzuXTG4kAP4w3qpwfC-amZhyZrwkvVQd0WS-RPNdQ_bk41jqIt9f6BeNjwC_FfEnPrgRbj8ew0Xw_06Q==@com.appspot.scruffapp/,loganfinney27@gmail.com,buttstuff420,
myturbotax.intuit.com,https://myturbotax.intuit.com/,gilberto425,aUfW6vQawSZ!K:c,
,android://zQxb6hXv1MJiC1Yyotdhi8HP-y7fwPcOLwPOWTwWKpP2VXcbsuIiI4iJ1KV0Dz3LzVsUuKJmYCBIUAxnsPB9FA==@com.facebook.katana/,loganfinney27@gmail.com,Vandals!208,
,android://nIG0C0CImN2sdSp87YS-xfgAOCI3aeGEyWYjSyZpVIvwOABmtHsumwOk4iS-FceARE4JmCUxny07rrc1DnyUyA==@xyz.blueskyweb.app/,queerbone.bsky.social,buttstuff420,
fafsa.ed.gov,https://fafsa.ed.gov/spa/fafsa/,finn9028,Lafmusic!27,
secure.creditfresh.com,https://secure.creditfresh.com/apply/createaccount,loganfinney27@gmail.com,Vandals!208,
www.sco.idaho.gov,https://www.sco.idaho.gov/LivePages/scohome.aspx,Logan Finney,3ducation$avings,
idaho-reports.monday.com,https://idaho-reports.monday.com/users/invitation/accept,Logan Finney,$pudc0untry,
www.upgrade.com,https://www.upgrade.com/funnel/personal-information-1/DEBT_CONSOLIDATION/30000,loganfinney27@gmail.com,Vandals!208,
quizup.com,https://quizup.com/en/login,loganfinney27@gmail.com,Saxman27,
pastel.diplomatie.gouv.fr,https://pastel.diplomatie.gouv.fr/etudesenfrance/dyn/public/confirmerCompte.html,finn9028@vandals.uidaho.edu,Vandals!208,
accounts.google.com,https://accounts.google.com/,queerboned,buttstuff420,
accounts.google.com,https://accounts.google.com/signin/v2/sl/pwd,betasigmabulls@gmail.com,We are the Music Makers,
auth.linktr.ee,https://auth.linktr.ee/login,idahoreports,Idaho1890.,
my.spj.org,https://my.spj.org/account/changepassword.aspx,10013069,Tr!befromtheN0rth,
www.instagram.com,https://www.instagram.com/,idahoisgay,2GREAT4hate,
www.mercari.com,https://www.mercari.com/password/reset/done/,lgnfnny27,Vandals!208,
auth.idahopower.com,https://auth.idahopower.com/Account/Login,loganfinney27@gmail.com,TribefromtheN0rth,
www.tiktok.com,https://www.tiktok.com/en/,idaho.is.gay,2GREAT4hate!,
usa.experian.com,https://usa.experian.com/mfe/member/completeProfile,Selle,9028,
www.eventbrite.com,https://www.eventbrite.com/login/,lfinney@imaxmail.net,bandmember13,
sso.garmin.com,https://sso.garmin.com/sso/login,lfinney@imaxmail.net,garminXC,
signup.live.com,https://signup.live.com/signup,+12086279028,TribefromtheN0rth,
www-secure.easybib.com,https://www-secure.easybib.com/login,loganfinney27@gmail.com,easybib,
walgreens.syf.com,https://walgreens.syf.com/accounts/login/,loganfinney27@gmail.com,bandmember13,
eggplant.media,https://eggplant.media/create-profile,queerboned@gmail.com,buttstuff420,
www.gettyimages.com,https://www.gettyimages.com/sign-in,logan.finney@idahoptv.org,bandmember13,
lso.legislature.idaho.gov,https://lso.legislature.idaho.gov/MyBillTracker/Registration_input.do,loganfinney27@gmail.com,bandmember13,
cityclubofboise.z2systems.com,https://cityclubofboise.z2systems.com/np/clients/cityclubofboise/setLogin.jsp,lfinney@uidaho.edu,bandmember13,
redistricter.com,https://redistricter.com/signup,logan.finney@idahoptv.org,Tr!befromtheN0rth,
pressroom.pbs.org,https://pressroom.pbs.org/register/new-user,logan.finney@idahoptv.org,Tr!befromtheN0rth,
www.checklifeline.org,https://www.checklifeline.org/lifeline/,loganfinney27@gmail.com,Tr!befromtheN0rth,
id.condenast.com,https://id.condenast.com/interaction/6a5YtuFhTq0Tyv31aqGaO/set-password,loganfinney27@gmail.com,vandals208,
www.spj.org,https://www.spj.org/newmember.asp,10013069,Tr!befromtheN0rth,
marketplace.uidaho.edu,https://marketplace.uidaho.edu/C20272_tsa/web/login.jsp,finn9028@vandals.uidaho.edu,Cow+hemp+window,
members.nlgja.org,https://members.nlgja.org/general/reset_pass.asp,loganfinney27,Vandals!208,
www.fuelrewards.com,https://www.fuelrewards.com/fuelrewards/login-signup.html,loganfinney27@gmail.com,Vandals!208,
www.schoology.com,https://www.schoology.com/login,finney.logan@lposd.org,bpzn132a,
asana.com,https://asana.com/homepage-ui,logan.finney@idahoptv.org,vandals208,
,android://MnTAe6zzLoBOUjY60jOWG6hF0m09KpxSr7EGRa_MkLLLrCY57oFQXH7IdE9NVzTfoHaJ10KwX-dft00tMSJwhg==@com.onedebit.chime/,loganfinney27@gmail.com,Tr!befromtheN0rth,
obsidian.md,https://obsidian.md/account,loganfinney27@gmail.com,Tr!befromtheN0rth,
www.studyblue.com,http://www.studyblue.com/,finney.logan@lposd.org,bpzn132a,
accounts.muckrock.com,https://accounts.muckrock.com/accounts/signup/,loganfinney27,0neBillionDollar$,
www.upstart.com,https://www.upstart.com/funding_form,loganfinney27@gmail.com,Tr!befromtheN0rth,
accounts.spotify.com,https://accounts.spotify.com/en/login,gilberto.gonzalez06@gmail.com,Litfam20,
www.noteflight.com,http://www.noteflight.com/login,loganfinney27@gmail.com,Saxman27,
dsausa.auth0.com,https://dsausa.auth0.com/login,loganfinney27@gmail.com,bandmember13,
api.nike.com,https://api.nike.com/oauth/2.0/authorize,loganfinney27@gmail.com,Vandals!208,
elements.envato.com,https://elements.envato.com/sign-in,idahoptv,idahoptvenvatoaccount,
www.autozone.com,https://www.autozone.com/completeAccount/MjIwOTc2MjM5ODI6MDkwOTIwMjIyMDEzOjhhMTlkMWQxOTA3YTQ5NjU0ZDk4NDM4NjI=,,Vandals!208,
,android://lVUGrfaiHZvg4wO3FgqRoStsBzAAkHENfQAZdHu8tCQXtJF9tPH-hYfPUZ3oowh69XhcKiZUYkV_dgjSkDyYiQ==@com.planetfitness/,loganfinney27@gmail.com,Vandals!208,
getordained.org,https://getordained.org/free-ordination,loganfinney27@gmail.com,bandmember13,
www.idahopress.com,https://www.idahopress.com/users/login/,valerief@uidaho.edu,ikyr6gYn,
api.libsyn.com,https://api.libsyn.com/oauth/authorize,logan.finney@idahoptv.org,DialoguePod1455*,
www.tiktok.com,https://www.tiktok.com/signup/phone-or-email/email,logan.finney@idahoptv.org,Dialogue1455*,
,android://qbMQCZh-CU_SBn04UFat_bLMSicoFKWYI0MzXmOdBklD5gJcvH42kD8GXA5lvZmtq1ON0Dd8FAT6SLUIlwNUqA==@com.instagram.android/,idahoisgay,2GREAT4hate,
www.nytimes.com,https://www.nytimes.com/,finn9028@vandals.uidaho.edu,vandals208,
www.epicgames.com,https://www.epicgames.com/id/link/google/existing,loganfinney27@gmail.com,Tr!befromtheN0rth,
accounts.fitbit.com,https://accounts.fitbit.com/login,loganfinney27@gmail.com,Saxman27,
,android://qbMQCZh-CU_SBn04UFat_bLMSicoFKWYI0MzXmOdBklD5gJcvH42kD8GXA5lvZmtq1ON0Dd8FAT6SLUIlwNUqA==@com.instagram.android/,2086279028,Vandals!208,
,android://HMsJiG_cnrBs4KjclEzYvQp4qTr3qAsZnaXQIlpxvcmQPKdP8psjPWjzNLFIiffIAMwsRgrk_HbAciMA-gAutA==@com.hulu.plus/,gilbertogonzalez06@gmail.com,Litdisneyfam19,
iwwfju.slack.com,https://iwwfju.slack.com/join/invite/enQtMTE3NTM3NTc3Njg0OC03NTliMjg2MDkwOGYwOGFjYjVmYTY5OTQ3OTRhNmQ3ZDZhNDVmMjlhZDBkYjg3NzQ3YzM2MTA5ZDBmMWM1ZTcy,loganfinney27,vandals208,
www.slader.com,http://www.slader.com/account/login/,loganfinney27@gmail.com,Saxman27,
,android://4qU9umAcITquicFhf9ceqVZ9gJ82LG3W91XYmN4nO9QYHEM0FXyI8TpWetriWtjUox7JV23Th94XY4g8Joq5Uw==@com.walmart.android/,loganfinney27@gmail.com,bandmember13,
app.youneedabudget.com,https://app.youneedabudget.com/users/authentication,loganfinney27@gmail.com,Vandals!208,
source.pbs.org,https://source.pbs.org/otmm/ux-html/source/,logan.finney@idahoptv.org,Tr!befromtheN0rth,
www.men.com,https://www.men.com/,Gilberto425,logert0425,
,android://lo_pny4QD3mU4adWpyN0QfGOHWoTx1Q-ntptSQePEFQJ13IJKRhEV1g6iBxsnDbbIaXvq11_nvq-Nua5UooW1w==@com.zillow.android.zillowmap/,finn9028@vandals.uidaho.edu,bandmember13,
www.recon.com,https://www.recon.com/en/login,queerboned@gmail.com,buttstuff420,
publicmedialearns.instructure.com,https://publicmedialearns.instructure.com/register/axsmEItbM2Th4KjzFiHM7mYc8,logan.finney@idahoptv.org,bandmember13,